country.value,countryiso3code,date,value,indicator
Brazil,BRA,2000,4.38794944745618,NY.GDP.MKTP.KD.ZG
Brazil,BRA,2000,7.04414105947266,FP.CPI.TOTL.ZG
Brazil,BRA,2000,10.889,SL.UEM.TOTL.ZS
Brazil,BRA,2000,,GC.DOD.TOTL.GD.ZS
Brazil,BRA,2000,-4.0477413019387,BN.CAB.XOKA.GD.ZS
Brazil,BRA,2001,1.38989640095637,NY.GDP.MKTP.KD.ZG
Brazil,BRA,2001,6.84035902487523,FP.CPI.TOTL.ZG
Brazil,BRA,2001,10.649,SL.UEM.TOTL.ZS
Brazil,BRA,2001,,GC.DOD.TOTL.GD.ZS
Brazil,BRA,2001,-4.44478653179819,BN.CAB.XOKA.GD.ZS
Brazil,BRA,2002,3.05346185909312,NY.GDP.MKTP.KD.ZG
Brazil,BRA,2002,8.45016437708331,FP.CPI.TOTL.ZG
Brazil,BRA,2002,10.641,SL.UEM.TOTL.ZS
Brazil,BRA,2002,,GC.DOD.TOTL.GD.ZS
Brazil,BRA,2002,-1.84525901678299,BN.CAB.XOKA.GD.ZS
Brazil,BRA,2003,1.14082899824888,NY.GDP.MKTP.KD.ZG
Brazil,BRA,2003,14.7149197228147,FP.CPI.TOTL.ZG
Brazil,BRA,2003,11.168,SL.UEM.TOTL.ZS
Brazil,BRA,2003,,GC.DOD.TOTL.GD.ZS
Brazil,BRA,2003,0.392877183707379,BN.CAB.XOKA.GD.ZS
Brazil,BRA,2004,5.75996463670954,NY.GDP.MKTP.KD.ZG
Brazil,BRA,2004,6.59718509985963,FP.CPI.TOTL.ZG
Brazil,BRA,2004,10.072,SL.UEM.TOTL.ZS
Brazil,BRA,2004,,GC.DOD.TOTL.GD.ZS
Brazil,BRA,2004,1.33863064799445,BN.CAB.XOKA.GD.ZS
Brazil,BRA,2005,3.20213206130431,NY.GDP.MKTP.KD.ZG
Brazil,BRA,2005,6.86953720898964,FP.CPI.TOTL.ZG
Brazil,BRA,2005,10.551,SL.UEM.TOTL.ZS
Brazil,BRA,2005,,GC.DOD.TOTL.GD.ZS
Brazil,BRA,2005,1.30988466560485,BN.CAB.XOKA.GD.ZS
Brazil,BRA,2006,3.96198871122617,NY.GDP.MKTP.KD.ZG
Brazil,BRA,2006,4.18356812896909,FP.CPI.TOTL.ZG
Brazil,BRA,2006,9.692,SL.UEM.TOTL.ZS
Brazil,BRA,2006,,GC.DOD.TOTL.GD.ZS
Brazil,BRA,2006,0.9727105230346,BN.CAB.XOKA.GD.ZS
Brazil,BRA,2007,6.06987060678338,NY.GDP.MKTP.KD.ZG
Brazil,BRA,2007,3.64127299102652,FP.CPI.TOTL.ZG
Brazil,BRA,2007,9.28,SL.UEM.TOTL.ZS
Brazil,BRA,2007,,GC.DOD.TOTL.GD.ZS
Brazil,BRA,2007,-0.19709696108555,BN.CAB.XOKA.GD.ZS
Brazil,BRA,2008,5.09419544658736,NY.GDP.MKTP.KD.ZG
Brazil,BRA,2008,5.67859390284168,FP.CPI.TOTL.ZG
Brazil,BRA,2008,8.268,SL.UEM.TOTL.ZS
Brazil,BRA,2008,,GC.DOD.TOTL.GD.ZS
Brazil,BRA,2008,-2.09933784786717,BN.CAB.XOKA.GD.ZS
Brazil,BRA,2009,-0.125812002161169,NY.GDP.MKTP.KD.ZG
Brazil,BRA,2009,4.88803479876799,FP.CPI.TOTL.ZG
Brazil,BRA,2009,9.419,SL.UEM.TOTL.ZS
Brazil,BRA,2009,,GC.DOD.TOTL.GD.ZS
Brazil,BRA,2009,-1.7593578735281,BN.CAB.XOKA.GD.ZS
Brazil,BRA,2010,7.52822581815364,NY.GDP.MKTP.KD.ZG
Brazil,BRA,2010,5.03872690108075,FP.CPI.TOTL.ZG
Brazil,BRA,2010,8.422,SL.UEM.TOTL.ZS
Brazil,BRA,2010,61.3187804643039,GC.DOD.TOTL.GD.ZS
Brazil,BRA,2010,-3.92594604454763,BN.CAB.XOKA.GD.ZS
Brazil,BRA,2011,3.97442307944702,NY.GDP.MKTP.KD.ZG
Brazil,BRA,2011,6.6364496221309,FP.CPI.TOTL.ZG
Brazil,BRA,2011,7.578,SL.UEM.TOTL.ZS
Brazil,BRA,2011,59.3416583028164,GC.DOD.TOTL.GD.ZS
Brazil,BRA,2011,-3.19461831905473,BN.CAB.XOKA.GD.ZS
Brazil,BRA,2012,1.92117598576537,NY.GDP.MKTP.KD.ZG
Brazil,BRA,2012,5.40349914036997,FP.CPI.TOTL.ZG
Brazil,BRA,2012,7.251,SL.UEM.TOTL.ZS
Brazil,BRA,2012,59.8494900007969,GC.DOD.TOTL.GD.ZS
Brazil,BRA,2012,-3.75941611687375,BN.CAB.XOKA.GD.ZS
Brazil,BRA,2013,3.00482266944432,NY.GDP.MKTP.KD.ZG
Brazil,BRA,2013,6.20431066640101,FP.CPI.TOTL.ZG
Brazil,BRA,2013,7.071,SL.UEM.TOTL.ZS
Brazil,BRA,2013,57.2284093845516,GC.DOD.TOTL.GD.ZS
Brazil,BRA,2013,-3.57422079622864,BN.CAB.XOKA.GD.ZS
Brazil,BRA,2014,0.503955740242247,NY.GDP.MKTP.KD.ZG
Brazil,BRA,2014,6.32904015516139,FP.CPI.TOTL.ZG
Brazil,BRA,2014,6.755,SL.UEM.TOTL.ZS
Brazil,BRA,2014,58.4572711058609,GC.DOD.TOTL.GD.ZS
Brazil,BRA,2014,-4.4988303801852,BN.CAB.XOKA.GD.ZS
Brazil,BRA,2015,-3.54576339269425,NY.GDP.MKTP.KD.ZG
Brazil,BRA,2015,9.02990102416136,FP.CPI.TOTL.ZG
Brazil,BRA,2015,8.538,SL.UEM.TOTL.ZS
Brazil,BRA,2015,67.5375540310909,GC.DOD.TOTL.GD.ZS
Brazil,BRA,2015,-3.51839166799859,BN.CAB.XOKA.GD.ZS
Brazil,BRA,2016,-3.27591690782192,NY.GDP.MKTP.KD.ZG
Brazil,BRA,2016,8.73914352329393,FP.CPI.TOTL.ZG
Brazil,BRA,2016,11.58,SL.UEM.TOTL.ZS
Brazil,BRA,2016,73.4188038014782,GC.DOD.TOTL.GD.ZS
Brazil,BRA,2016,-1.700113396765,BN.CAB.XOKA.GD.ZS
Brazil,BRA,2017,1.32286905404399,NY.GDP.MKTP.KD.ZG
Brazil,BRA,2017,3.44637335032669,FP.CPI.TOTL.ZG
Brazil,BRA,2017,12.792,SL.UEM.TOTL.ZS
Brazil,BRA,2017,83.669202649666,GC.DOD.TOTL.GD.ZS
Brazil,BRA,2017,-1.22429925769002,BN.CAB.XOKA.GD.ZS
Brazil,BRA,2018,1.783666761634,NY.GDP.MKTP.KD.ZG
Brazil,BRA,2018,3.66485028376729,FP.CPI.TOTL.ZG
Brazil,BRA,2018,12.329,SL.UEM.TOTL.ZS
Brazil,BRA,2018,86.6078841211512,GC.DOD.TOTL.GD.ZS
Brazil,BRA,2018,-2.80752008594698,BN.CAB.XOKA.GD.ZS
Brazil,BRA,2019,1.22077782360842,NY.GDP.MKTP.KD.ZG
Brazil,BRA,2019,3.73297621216894,FP.CPI.TOTL.ZG
Brazil,BRA,2019,11.936,SL.UEM.TOTL.ZS
Brazil,BRA,2019,92.5652531945418,GC.DOD.TOTL.GD.ZS
Brazil,BRA,2019,-3.46989581435142,BN.CAB.XOKA.GD.ZS
Brazil,BRA,2020,-3.2767587964736,NY.GDP.MKTP.KD.ZG
Brazil,BRA,2020,3.21176803803376,FP.CPI.TOTL.ZG
Brazil,BRA,2020,13.697,SL.UEM.TOTL.ZS
Brazil,BRA,2020,98.7098819468714,GC.DOD.TOTL.GD.ZS
Brazil,BRA,2020,-1.687788053241,BN.CAB.XOKA.GD.ZS
Brazil,BRA,2021,4.76260437908608,NY.GDP.MKTP.KD.ZG
Brazil,BRA,2021,8.30165975585673,FP.CPI.TOTL.ZG
Brazil,BRA,2021,13.158,SL.UEM.TOTL.ZS
Brazil,BRA,2021,85.0115036768016,GC.DOD.TOTL.GD.ZS
Brazil,BRA,2021,-2.4187656822737,BN.CAB.XOKA.GD.ZS
Brazil,BRA,2022,3.01669435393015,NY.GDP.MKTP.KD.ZG
Brazil,BRA,2022,9.28010608956873,FP.CPI.TOTL.ZG
Brazil,BRA,2022,9.231,SL.UEM.TOTL.ZS
Brazil,BRA,2022,79.1023218878495,GC.DOD.TOTL.GD.ZS
Brazil,BRA,2022,-2.15975658541159,BN.CAB.XOKA.GD.ZS
Brazil,BRA,2023,3.24165532906981,NY.GDP.MKTP.KD.ZG
Brazil,BRA,2023,4.59356282283204,FP.CPI.TOTL.ZG
Brazil,BRA,2023,7.947,SL.UEM.TOTL.ZS
Brazil,BRA,2023,83.0317498523878,GC.DOD.TOTL.GD.ZS
Brazil,BRA,2023,-1.27481070395724,BN.CAB.XOKA.GD.ZS
Brazil,BRA,2024,3.39586645454844,NY.GDP.MKTP.KD.ZG
Brazil,BRA,2024,4.36746407652337,FP.CPI.TOTL.ZG
Brazil,BRA,2024,7.634,SL.UEM.TOTL.ZS
Brazil,BRA,2024,,GC.DOD.TOTL.GD.ZS
Brazil,BRA,2024,-2.80783369862457,BN.CAB.XOKA.GD.ZS
China,CHN,2000,8.58643201808462,NY.GDP.MKTP.KD.ZG
China,CHN,2000,0.347811226864587,FP.CPI.TOTL.ZG
China,CHN,2000,3.26,SL.UEM.TOTL.ZS
China,CHN,2000,1.67667411710879,BN.CAB.XOKA.GD.ZS
China,CHN,2001,8.31263887091522,NY.GDP.MKTP.KD.ZG
China,CHN,2001,0.719125609120114,FP.CPI.TOTL.ZG
China,CHN,2001,3.8,SL.UEM.TOTL.ZS
China,CHN,2001,1.28417196444636,BN.CAB.XOKA.GD.ZS
China,CHN,2002,9.24339326638321,NY.GDP.MKTP.KD.ZG
China,CHN,2002,-0.731970902350244,FP.CPI.TOTL.ZG
China,CHN,2002,4.24,SL.UEM.TOTL.ZS
China,CHN,2002,2.37759984341841,BN.CAB.XOKA.GD.ZS
China,CHN,2003,10.1181928640117,NY.GDP.MKTP.KD.ZG
China,CHN,2003,1.12760348729637,FP.CPI.TOTL.ZG
China,CHN,2003,4.58,SL.UEM.TOTL.ZS
China,CHN,2003,2.55665409110255,BN.CAB.XOKA.GD.ZS
China,CHN,2004,10.1314073631003,NY.GDP.MKTP.KD.ZG
China,CHN,2004,3.82463743108159,FP.CPI.TOTL.ZG
China,CHN,2004,4.49,SL.UEM.TOTL.ZS
China,CHN,2004,3.47450259619584,BN.CAB.XOKA.GD.ZS
China,CHN,2005,11.458238455067,NY.GDP.MKTP.KD.ZG
China,CHN,2005,1.77641407667571,FP.CPI.TOTL.ZG
China,CHN,2005,4.52,SL.UEM.TOTL.ZS
China,CHN,2005,5.71199843031159,BN.CAB.XOKA.GD.ZS
China,CHN,2006,12.6746751655235,NY.GDP.MKTP.KD.ZG
China,CHN,2006,1.6494309945586,FP.CPI.TOTL.ZG
China,CHN,2006,4.43,SL.UEM.TOTL.ZS
China,CHN,2006,8.30532573537484,BN.CAB.XOKA.GD.ZS
China,CHN,2007,14.1499854947127,NY.GDP.MKTP.KD.ZG
China,CHN,2007,4.81676767378834,FP.CPI.TOTL.ZG
China,CHN,2007,4.35,SL.UEM.TOTL.ZS
China,CHN,2007,9.79958953536148,BN.CAB.XOKA.GD.ZS
China,CHN,2008,9.67024588602851,NY.GDP.MKTP.KD.ZG
China,CHN,2008,5.92525137041092,FP.CPI.TOTL.ZG
China,CHN,2008,4.59,SL.UEM.TOTL.ZS
China,CHN,2008,9.01086996317632,BN.CAB.XOKA.GD.ZS
China,CHN,2009,9.40269972778044,NY.GDP.MKTP.KD.ZG
China,CHN,2009,-0.728165250932898,FP.CPI.TOTL.ZG
China,CHN,2009,4.72,SL.UEM.TOTL.ZS
China,CHN,2009,4.68740638141982,BN.CAB.XOKA.GD.ZS
China,CHN,2010,10.5962719761682,NY.GDP.MKTP.KD.ZG
China,CHN,2010,3.17532475269199,FP.CPI.TOTL.ZG
China,CHN,2010,4.53,SL.UEM.TOTL.ZS
China,CHN,2010,3.8402567341525,BN.CAB.XOKA.GD.ZS
China,CHN,2011,9.4613358870736,NY.GDP.MKTP.KD.ZG
China,CHN,2011,5.55389892257493,FP.CPI.TOTL.ZG
China,CHN,2011,4.55,SL.UEM.TOTL.ZS
China,CHN,2011,1.77399724587567,BN.CAB.XOKA.GD.ZS
China,CHN,2012,7.85617427055587,NY.GDP.MKTP.KD.ZG
China,CHN,2012,2.61952432645541,FP.CPI.TOTL.ZG
China,CHN,2012,4.58,SL.UEM.TOTL.ZS
China,CHN,2012,2.48328422404794,BN.CAB.XOKA.GD.ZS
China,CHN,2013,7.77872409446717,NY.GDP.MKTP.KD.ZG
China,CHN,2013,2.62105001748115,FP.CPI.TOTL.ZG
China,CHN,2013,4.6,SL.UEM.TOTL.ZS
China,CHN,2013,1.52111320885029,BN.CAB.XOKA.GD.ZS
China,CHN,2014,7.46190028229434,NY.GDP.MKTP.KD.ZG
China,CHN,2014,1.92164162788521,FP.CPI.TOTL.ZG
China,CHN,2014,4.63,SL.UEM.TOTL.ZS
China,CHN,2014,2.21130586371267,BN.CAB.XOKA.GD.ZS
China,CHN,2015,6.97878002657477,NY.GDP.MKTP.KD.ZG
China,CHN,2015,1.43702380935655,FP.CPI.TOTL.ZG
China,CHN,2015,4.65,SL.UEM.TOTL.ZS
China,CHN,2015,2.59752794949746,BN.CAB.XOKA.GD.ZS
China,CHN,2016,6.77555562837017,NY.GDP.MKTP.KD.ZG
China,CHN,2016,2.00000182191943,FP.CPI.TOTL.ZG
China,CHN,2016,4.56,SL.UEM.TOTL.ZS
China,CHN,2016,1.67018709565352,BN.CAB.XOKA.GD.ZS
China,CHN,2017,6.8912663621211,NY.GDP.MKTP.KD.ZG
China,CHN,2017,1.59313600071436,FP.CPI.TOTL.ZG
China,CHN,2017,4.47,SL.UEM.TOTL.ZS
China,CHN,2017,1.50488723669316,BN.CAB.XOKA.GD.ZS
China,CHN,2018,6.75671800166833,NY.GDP.MKTP.KD.ZG
China,CHN,2018,2.07479039965576,FP.CPI.TOTL.ZG
China,CHN,2018,4.31,SL.UEM.TOTL.ZS
China,CHN,2018,0.170563391928727,BN.CAB.XOKA.GD.ZS
China,CHN,2019,6.06850235053705,NY.GDP.MKTP.KD.ZG
China,CHN,2019,2.89923416358227,FP.CPI.TOTL.ZG
China,CHN,2019,4.56,SL.UEM.TOTL.ZS
China,CHN,2019,0.706790487310523,BN.CAB.XOKA.GD.ZS
China,CHN,2020,2.34018843078414,NY.GDP.MKTP.KD.ZG
China,CHN,2020,2.41942189457782,FP.CPI.TOTL.ZG
China,CHN,2020,5.0,SL.UEM.TOTL.ZS
China,CHN,2020,1.65930095801393,BN.CAB.XOKA.GD.ZS
China,CHN,2021,8.57008513166322,NY.GDP.MKTP.KD.ZG
China,CHN,2021,0.981015135544882,FP.CPI.TOTL.ZG
China,CHN,2021,4.55,SL.UEM.TOTL.ZS
China,CHN,2021,1.93875176197337,BN.CAB.XOKA.GD.ZS
China,CHN,2022,3.1341888719577,NY.GDP.MKTP.KD.ZG
China,CHN,2022,1.97357555739051,FP.CPI.TOTL.ZG
China,CHN,2022,4.98,SL.UEM.TOTL.ZS
China,CHN,2022,2.42059259149418,BN.CAB.XOKA.GD.ZS
China,CHN,2023,5.41484330099675,NY.GDP.MKTP.KD.ZG
China,CHN,2023,0.234836828893051,FP.CPI.TOTL.ZG
China,CHN,2023,4.67,SL.UEM.TOTL.ZS
China,CHN,2023,1.4415829879426,BN.CAB.XOKA.GD.ZS
China,CHN,2024,4.9773565917572,NY.GDP.MKTP.KD.ZG
China,CHN,2024,0.218128938439177,FP.CPI.TOTL.ZG
China,CHN,2024,4.571,SL.UEM.TOTL.ZS
China,CHN,2024,2.2616499482671,BN.CAB.XOKA.GD.ZS
Germany,DEU,2000,2.87724595591061,NY.GDP.MKTP.KD.ZG
Germany,DEU,2000,1.44026838719741,FP.CPI.TOTL.ZG
Germany,DEU,2000,7.917,SL.UEM.TOTL.ZS
Germany,DEU,2000,-1.5131310276989,BN.CAB.XOKA.GD.ZS
Germany,DEU,2001,1.63654099437316,NY.GDP.MKTP.KD.ZG
Germany,DEU,2001,1.98385731334471,FP.CPI.TOTL.ZG
Germany,DEU,2001,7.773,SL.UEM.TOTL.ZS
Germany,DEU,2001,-0.17042466008937,BN.CAB.XOKA.GD.ZS
Germany,DEU,2002,-0.228310223930706,NY.GDP.MKTP.KD.ZG
Germany,DEU,2002,1.42080615551526,FP.CPI.TOTL.ZG
Germany,DEU,2002,8.482,SL.UEM.TOTL.ZS
Germany,DEU,2002,1.98424702046954,BN.CAB.XOKA.GD.ZS
Germany,DEU,2003,-0.529929010433477,NY.GDP.MKTP.KD.ZG
Germany,DEU,2003,1.03422218628562,FP.CPI.TOTL.ZG
Germany,DEU,2003,9.779,SL.UEM.TOTL.ZS
Germany,DEU,2003,1.53250948753762,BN.CAB.XOKA.GD.ZS
Germany,DEU,2004,1.16236825444811,NY.GDP.MKTP.KD.ZG
Germany,DEU,2004,1.66573696655992,FP.CPI.TOTL.ZG
Germany,DEU,2004,10.727,SL.UEM.TOTL.ZS
Germany,DEU,2004,4.53374240243279,BN.CAB.XOKA.GD.ZS
Germany,DEU,2005,0.885697256705441,NY.GDP.MKTP.KD.ZG
Germany,DEU,2005,1.54691114751328,FP.CPI.TOTL.ZG
Germany,DEU,2005,11.193,SL.UEM.TOTL.ZS
Germany,DEU,2005,4.64324145764123,BN.CAB.XOKA.GD.ZS
Germany,DEU,2006,3.85573614635729,NY.GDP.MKTP.KD.ZG
Germany,DEU,2006,1.57742642840563,FP.CPI.TOTL.ZG
Germany,DEU,2006,10.277,SL.UEM.TOTL.ZS
Germany,DEU,2006,5.83661726884206,BN.CAB.XOKA.GD.ZS
Germany,DEU,2007,2.89010717888073,NY.GDP.MKTP.KD.ZG
Germany,DEU,2007,2.29834400700951,FP.CPI.TOTL.ZG
Germany,DEU,2007,8.732,SL.UEM.TOTL.ZS
Germany,DEU,2007,6.70574096490581,BN.CAB.XOKA.GD.ZS
Germany,DEU,2008,0.910403214153277,NY.GDP.MKTP.KD.ZG
Germany,DEU,2008,2.62837981637219,FP.CPI.TOTL.ZG
Germany,DEU,2008,7.508,SL.UEM.TOTL.ZS
Germany,DEU,2008,5.57681458234834,BN.CAB.XOKA.GD.ZS
Germany,DEU,2009,-5.54516454479311,NY.GDP.MKTP.KD.ZG
Germany,DEU,2009,0.312739007368447,FP.CPI.TOTL.ZG
Germany,DEU,2009,7.88,SL.UEM.TOTL.ZS
Germany,DEU,2009,5.87415966958685,BN.CAB.XOKA.GD.ZS
Germany,DEU,2010,4.14676755040489,NY.GDP.MKTP.KD.ZG
Germany,DEU,2010,1.1038103778926,FP.CPI.TOTL.ZG
Germany,DEU,2010,7.043,SL.UEM.TOTL.ZS
Germany,DEU,2010,5.77101102573257,BN.CAB.XOKA.GD.ZS
Germany,DEU,2011,3.75796884487347,NY.GDP.MKTP.KD.ZG
Germany,DEU,2011,2.07517283735874,FP.CPI.TOTL.ZG
Germany,DEU,2011,5.967,SL.UEM.TOTL.ZS
Germany,DEU,2011,6.25886646333735,BN.CAB.XOKA.GD.ZS
Germany,DEU,2012,0.47429132103845,NY.GDP.MKTP.KD.ZG
Germany,DEU,2012,2.00848884782956,FP.CPI.TOTL.ZG
Germany,DEU,2012,5.372,SL.UEM.TOTL.ZS
Germany,DEU,2012,7.19271816687105,BN.CAB.XOKA.GD.ZS
Germany,DEU,2013,0.386224592046474,NY.GDP.MKTP.KD.ZG
Germany,DEU,2013,1.50472330251876,FP.CPI.TOTL.ZG
Germany,DEU,2013,5.316,SL.UEM.TOTL.ZS
Germany,DEU,2013,6.72723104677662,BN.CAB.XOKA.GD.ZS
Germany,DEU,2014,2.16949889758517,NY.GDP.MKTP.KD.ZG
Germany,DEU,2014,0.906794000434246,FP.CPI.TOTL.ZG
Germany,DEU,2014,4.979,SL.UEM.TOTL.ZS
Germany,DEU,2014,7.19249005241927,BN.CAB.XOKA.GD.ZS
Germany,DEU,2015,1.65271978656361,NY.GDP.MKTP.KD.ZG
Germany,DEU,2015,0.514426137125456,FP.CPI.TOTL.ZG
Germany,DEU,2015,4.612,SL.UEM.TOTL.ZS
Germany,DEU,2015,8.10033539639848,BN.CAB.XOKA.GD.ZS
Germany,DEU,2016,2.29471066413561,NY.GDP.MKTP.KD.ZG
Germany,DEU,2016,0.491747008445174,FP.CPI.TOTL.ZG
Germany,DEU,2016,4.104,SL.UEM.TOTL.ZS
Germany,DEU,2016,8.89985353214632,BN.CAB.XOKA.GD.ZS
Germany,DEU,2017,2.71602454639843,NY.GDP.MKTP.KD.ZG
Germany,DEU,2017,1.50949485109628,FP.CPI.TOTL.ZG
Germany,DEU,2017,3.781,SL.UEM.TOTL.ZS
Germany,DEU,2017,8.08358573755333,BN.CAB.XOKA.GD.ZS
Germany,DEU,2018,1.11644310902427,NY.GDP.MKTP.KD.ZG
Germany,DEU,2018,1.73216879766942,FP.CPI.TOTL.ZG
Germany,DEU,2018,3.384,SL.UEM.TOTL.ZS
Germany,DEU,2018,8.44474369079797,BN.CAB.XOKA.GD.ZS
Germany,DEU,2019,0.987893350164853,NY.GDP.MKTP.KD.ZG
Germany,DEU,2019,1.44565976888253,FP.CPI.TOTL.ZG
Germany,DEU,2019,3.163,SL.UEM.TOTL.ZS
Germany,DEU,2019,7.88005874480123,BN.CAB.XOKA.GD.ZS
Germany,DEU,2020,-4.09513751682526,NY.GDP.MKTP.KD.ZG
Germany,DEU,2020,0.144877925813982,FP.CPI.TOTL.ZG
Germany,DEU,2020,3.881,SL.UEM.TOTL.ZS
Germany,DEU,2020,6.34985102790796,BN.CAB.XOKA.GD.ZS
Germany,DEU,2021,3.6699998840452,NY.GDP.MKTP.KD.ZG
Germany,DEU,2021,3.06666666666673,FP.CPI.TOTL.ZG
Germany,DEU,2021,3.594,SL.UEM.TOTL.ZS
Germany,DEU,2021,6.93113737824586,BN.CAB.XOKA.GD.ZS
Germany,DEU,2022,1.36973104612758,NY.GDP.MKTP.KD.ZG
Germany,DEU,2022,6.87257438551097,FP.CPI.TOTL.ZG
Germany,DEU,2022,3.12,SL.UEM.TOTL.ZS
Germany,DEU,2022,3.88506689580802,BN.CAB.XOKA.GD.ZS
Germany,DEU,2023,-0.266438401180253,NY.GDP.MKTP.KD.ZG
Germany,DEU,2023,5.94643667725823,FP.CPI.TOTL.ZG
Germany,DEU,2023,3.068,SL.UEM.TOTL.ZS
Germany,DEU,2023,5.55668585897884,BN.CAB.XOKA.GD.ZS
Germany,DEU,2024,-0.238526858256165,NY.GDP.MKTP.KD.ZG
Germany,DEU,2024,2.2564981433876,FP.CPI.TOTL.ZG
Germany,DEU,2024,3.406,SL.UEM.TOTL.ZS
Germany,DEU,2024,5.73091235034847,BN.CAB.XOKA.GD.ZS
India,IND,2000,3.84099115659129,NY.GDP.MKTP.KD.ZG
India,IND,2000,4.0094359104519,FP.CPI.TOTL.ZG
India,IND,2000,7.624,SL.UEM.TOTL.ZS
India,IND,2000,55.0042464964554,GC.DOD.TOTL.GD.ZS
India,IND,2000,-0.982342580017138,BN.CAB.XOKA.GD.ZS
India,IND,2001,4.82396626555771,NY.GDP.MKTP.KD.ZG
India,IND,2001,3.77929312235637,FP.CPI.TOTL.ZG
India,IND,2001,7.653,SL.UEM.TOTL.ZS
India,IND,2001,59.0179097968845,GC.DOD.TOTL.GD.ZS
India,IND,2001,0.290495460210207,BN.CAB.XOKA.GD.ZS
India,IND,2002,3.80397532112175,NY.GDP.MKTP.KD.ZG
India,IND,2002,4.29715203929563,FP.CPI.TOTL.ZG
India,IND,2002,7.753,SL.UEM.TOTL.ZS
India,IND,2002,62.5527712945573,GC.DOD.TOTL.GD.ZS
India,IND,2002,1.37093793900847,BN.CAB.XOKA.GD.ZS
India,IND,2003,7.8603814759073,NY.GDP.MKTP.KD.ZG
India,IND,2003,3.80585899528851,FP.CPI.TOTL.ZG
India,IND,2003,7.68,SL.UEM.TOTL.ZS
India,IND,2003,62.1900538960464,GC.DOD.TOTL.GD.ZS
India,IND,2003,1.44355773291234,BN.CAB.XOKA.GD.ZS
India,IND,2004,7.92293661199932,NY.GDP.MKTP.KD.ZG
India,IND,2004,3.76725173477515,FP.CPI.TOTL.ZG
India,IND,2004,7.625,SL.UEM.TOTL.ZS
India,IND,2004,62.5929767433885,GC.DOD.TOTL.GD.ZS
India,IND,2004,0.110018010197153,BN.CAB.XOKA.GD.ZS
India,IND,2005,7.92343062148318,NY.GDP.MKTP.KD.ZG
India,IND,2005,4.24634362031922,FP.CPI.TOTL.ZG
India,IND,2005,7.552,SL.UEM.TOTL.ZS
India,IND,2005,62.2265261001737,GC.DOD.TOTL.GD.ZS
India,IND,2005,-1.25350400207393,BN.CAB.XOKA.GD.ZS
India,IND,2006,8.06073257166651,NY.GDP.MKTP.KD.ZG
India,IND,2006,5.79652337561634,FP.CPI.TOTL.ZG
India,IND,2006,7.552,SL.UEM.TOTL.ZS
India,IND,2006,59.6667302762217,GC.DOD.TOTL.GD.ZS
India,IND,2006,-0.988988302952292,BN.CAB.XOKA.GD.ZS
India,IND,2007,7.6608150670107,NY.GDP.MKTP.KD.ZG
India,IND,2007,6.37288135593231,FP.CPI.TOTL.ZG
India,IND,2007,7.561,SL.UEM.TOTL.ZS
India,IND,2007,57.4975363892468,GC.DOD.TOTL.GD.ZS
India,IND,2007,-0.66371764877261,BN.CAB.XOKA.GD.ZS
India,IND,2008,3.08669805921981,NY.GDP.MKTP.KD.ZG
India,IND,2008,8.34926704907581,FP.CPI.TOTL.ZG
India,IND,2008,7.656,SL.UEM.TOTL.ZS
India,IND,2008,57.2922142809949,GC.DOD.TOTL.GD.ZS
India,IND,2008,-2.58337749259838,BN.CAB.XOKA.GD.ZS
India,IND,2009,7.86188883286074,NY.GDP.MKTP.KD.ZG
India,IND,2009,10.8823529411764,FP.CPI.TOTL.ZG
India,IND,2009,7.664,SL.UEM.TOTL.ZS
India,IND,2009,55.2564461117969,GC.DOD.TOTL.GD.ZS
India,IND,2009,-1.95146209111802,BN.CAB.XOKA.GD.ZS
India,IND,2010,8.49758470221235,NY.GDP.MKTP.KD.ZG
India,IND,2010,11.9893899204244,FP.CPI.TOTL.ZG
India,IND,2010,7.652,SL.UEM.TOTL.ZS
India,IND,2010,51.5919103003897,GC.DOD.TOTL.GD.ZS
India,IND,2010,-3.25348368945179,BN.CAB.XOKA.GD.ZS
India,IND,2011,5.24131619937695,NY.GDP.MKTP.KD.ZG
India,IND,2011,8.91179336483371,FP.CPI.TOTL.ZG
India,IND,2011,7.616,SL.UEM.TOTL.ZS
India,IND,2011,51.5565536600977,GC.DOD.TOTL.GD.ZS
India,IND,2011,-3.42928468606061,BN.CAB.XOKA.GD.ZS
India,IND,2012,5.45638755166587,NY.GDP.MKTP.KD.ZG
India,IND,2012,9.47899691419801,FP.CPI.TOTL.ZG
India,IND,2012,7.666,SL.UEM.TOTL.ZS
India,IND,2012,50.6780305618952,GC.DOD.TOTL.GD.ZS
India,IND,2012,-5.00488971805303,BN.CAB.XOKA.GD.ZS
India,IND,2013,6.38610640094825,NY.GDP.MKTP.KD.ZG
India,IND,2013,10.0178784746102,FP.CPI.TOTL.ZG
India,IND,2013,7.711,SL.UEM.TOTL.ZS
India,IND,2013,50.3118273627008,GC.DOD.TOTL.GD.ZS
India,IND,2013,-2.64566711733892,BN.CAB.XOKA.GD.ZS
India,IND,2014,7.41022760508854,NY.GDP.MKTP.KD.ZG
India,IND,2014,6.66565671867899,FP.CPI.TOTL.ZG
India,IND,2014,7.674,SL.UEM.TOTL.ZS
India,IND,2014,49.9009248748319,GC.DOD.TOTL.GD.ZS
India,IND,2014,-1.33950896483453,BN.CAB.XOKA.GD.ZS
India,IND,2015,7.99625378571471,NY.GDP.MKTP.KD.ZG
India,IND,2015,4.90697344127256,FP.CPI.TOTL.ZG
India,IND,2015,7.631,SL.UEM.TOTL.ZS
India,IND,2015,49.9647183856551,GC.DOD.TOTL.GD.ZS
India,IND,2015,-1.06754907167965,BN.CAB.XOKA.GD.ZS
India,IND,2016,8.25630550179086,NY.GDP.MKTP.KD.ZG
India,IND,2016,4.94821634062141,FP.CPI.TOTL.ZG
India,IND,2016,7.601,SL.UEM.TOTL.ZS
India,IND,2016,47.6337555915272,GC.DOD.TOTL.GD.ZS
India,IND,2016,-0.52788060603752,BN.CAB.XOKA.GD.ZS
India,IND,2017,6.79538341897911,NY.GDP.MKTP.KD.ZG
India,IND,2017,3.32817337461298,FP.CPI.TOTL.ZG
India,IND,2017,7.618,SL.UEM.TOTL.ZS
India,IND,2017,47.5836093800197,GC.DOD.TOTL.GD.ZS
India,IND,2017,-1.43948820320989,BN.CAB.XOKA.GD.ZS
India,IND,2018,6.45385134497769,NY.GDP.MKTP.KD.ZG
India,IND,2018,3.9388264669163,FP.CPI.TOTL.ZG
India,IND,2018,7.652,SL.UEM.TOTL.ZS
India,IND,2018,46.5224986659322,GC.DOD.TOTL.GD.ZS
India,IND,2018,-2.42697545810527,BN.CAB.XOKA.GD.ZS
India,IND,2019,3.87143694070356,NY.GDP.MKTP.KD.ZG
India,IND,2019,3.72950573539129,FP.CPI.TOTL.ZG
India,IND,2019,6.51,SL.UEM.TOTL.ZS
India,IND,2019,,GC.DOD.TOTL.GD.ZS
India,IND,2019,-1.04961203910072,BN.CAB.XOKA.GD.ZS
India,IND,2020,-5.77772470686801,NY.GDP.MKTP.KD.ZG
India,IND,2020,6.62343677628535,FP.CPI.TOTL.ZG
India,IND,2020,7.859,SL.UEM.TOTL.ZS
India,IND,2020,,GC.DOD.TOTL.GD.ZS
India,IND,2020,1.22362111042791,BN.CAB.XOKA.GD.ZS
India,IND,2021,9.68959249192875,NY.GDP.MKTP.KD.ZG
India,IND,2021,5.13140747176369,FP.CPI.TOTL.ZG
India,IND,2021,6.38,SL.UEM.TOTL.ZS
India,IND,2021,,GC.DOD.TOTL.GD.ZS
India,IND,2021,-1.05524166809383,BN.CAB.XOKA.GD.ZS
India,IND,2022,7.60936497768895,NY.GDP.MKTP.KD.ZG
India,IND,2022,6.69903414079852,FP.CPI.TOTL.ZG
India,IND,2022,4.822,SL.UEM.TOTL.ZS
India,IND,2022,,GC.DOD.TOTL.GD.ZS
India,IND,2022,-2.36247481487452,BN.CAB.XOKA.GD.ZS
India,IND,2023,9.19075493028345,NY.GDP.MKTP.KD.ZG
India,IND,2023,5.64914318907925,FP.CPI.TOTL.ZG
India,IND,2023,4.172,SL.UEM.TOTL.ZS
India,IND,2023,,GC.DOD.TOTL.GD.ZS
India,IND,2023,-0.878449448896405,BN.CAB.XOKA.GD.ZS
India,IND,2024,6.48422363033757,NY.GDP.MKTP.KD.ZG
India,IND,2024,4.95303550973656,FP.CPI.TOTL.ZG
India,IND,2024,4.202,SL.UEM.TOTL.ZS
India,IND,2024,,GC.DOD.TOTL.GD.ZS
India,IND,2024,-0.828801355740078,BN.CAB.XOKA.GD.ZS
Italy,ITA,2000,3.88209885062652,NY.GDP.MKTP.KD.ZG
Italy,ITA,2000,2.53768532095002,FP.CPI.TOTL.ZG
Italy,ITA,2000,10.834,SL.UEM.TOTL.ZS
Italy,ITA,2000,-0.270230356072507,BN.CAB.XOKA.GD.ZS
Italy,ITA,2001,2.00643329837733,NY.GDP.MKTP.KD.ZG
Italy,ITA,2001,2.78516542713554,FP.CPI.TOTL.ZG
Italy,ITA,2001,9.599,SL.UEM.TOTL.ZS
Italy,ITA,2001,0.15478537448926,BN.CAB.XOKA.GD.ZS
Italy,ITA,2002,0.26992966378873,NY.GDP.MKTP.KD.ZG
Italy,ITA,2002,2.46532319171165,FP.CPI.TOTL.ZG
Italy,ITA,2002,9.211,SL.UEM.TOTL.ZS
Italy,ITA,2002,-0.489738960441859,BN.CAB.XOKA.GD.ZS
Italy,ITA,2003,0.0665538088732092,NY.GDP.MKTP.KD.ZG
Italy,ITA,2003,2.6725555277285,FP.CPI.TOTL.ZG
Italy,ITA,2003,8.869,SL.UEM.TOTL.ZS
Italy,ITA,2003,-0.766212290849885,BN.CAB.XOKA.GD.ZS
Italy,ITA,2004,1.4740217064723,NY.GDP.MKTP.KD.ZG
Italy,ITA,2004,2.20673661423657,FP.CPI.TOTL.ZG
Italy,ITA,2004,7.866,SL.UEM.TOTL.ZS
Italy,ITA,2004,-0.4953081424742,BN.CAB.XOKA.GD.ZS
Italy,ITA,2005,0.762410677306491,NY.GDP.MKTP.KD.ZG
Italy,ITA,2005,1.9852929852798,FP.CPI.TOTL.ZG
Italy,ITA,2005,7.73,SL.UEM.TOTL.ZS
Italy,ITA,2005,-0.896244191801555,BN.CAB.XOKA.GD.ZS
Italy,ITA,2006,1.79947992234244,NY.GDP.MKTP.KD.ZG
Italy,ITA,2006,2.09084391012754,FP.CPI.TOTL.ZG
Italy,ITA,2006,6.777,SL.UEM.TOTL.ZS
Italy,ITA,2006,-1.44603855867144,BN.CAB.XOKA.GD.ZS
Italy,ITA,2007,1.46229205289291,NY.GDP.MKTP.KD.ZG
Italy,ITA,2007,1.82974112202403,FP.CPI.TOTL.ZG
Italy,ITA,2007,6.076,SL.UEM.TOTL.ZS
Italy,ITA,2007,-1.35566295251184,BN.CAB.XOKA.GD.ZS
Italy,ITA,2008,-1.02313851177097,NY.GDP.MKTP.KD.ZG
Italy,ITA,2008,3.34783258401022,FP.CPI.TOTL.ZG
Italy,ITA,2008,6.723,SL.UEM.TOTL.ZS
Italy,ITA,2008,-2.68669173430211,BN.CAB.XOKA.GD.ZS
Italy,ITA,2009,-5.30515401233991,NY.GDP.MKTP.KD.ZG
Italy,ITA,2009,0.774768131387381,FP.CPI.TOTL.ZG
Italy,ITA,2009,7.749,SL.UEM.TOTL.ZS
Italy,ITA,2009,-1.77411764067094,BN.CAB.XOKA.GD.ZS
Italy,ITA,2010,1.52910573247101,NY.GDP.MKTP.KD.ZG
Italy,ITA,2010,1.52551602118248,FP.CPI.TOTL.ZG
Italy,ITA,2010,8.363,SL.UEM.TOTL.ZS
Italy,ITA,2010,-3.24412215335914,BN.CAB.XOKA.GD.ZS
Italy,ITA,2011,0.695463154440176,NY.GDP.MKTP.KD.ZG
Italy,ITA,2011,2.78063272879323,FP.CPI.TOTL.ZG
Italy,ITA,2011,8.359,SL.UEM.TOTL.ZS
Italy,ITA,2011,-2.74163808728921,BN.CAB.XOKA.GD.ZS
Italy,ITA,2012,-3.12523877282996,NY.GDP.MKTP.KD.ZG
Italy,ITA,2012,3.04136333226775,FP.CPI.TOTL.ZG
Italy,ITA,2012,10.655,SL.UEM.TOTL.ZS
Italy,ITA,2012,-0.215238993496647,BN.CAB.XOKA.GD.ZS
Italy,ITA,2013,-1.81802510749792,NY.GDP.MKTP.KD.ZG
Italy,ITA,2013,1.21999342274306,FP.CPI.TOTL.ZG
Italy,ITA,2013,12.149,SL.UEM.TOTL.ZS
Italy,ITA,2013,1.03825599780866,BN.CAB.XOKA.GD.ZS
Italy,ITA,2014,-0.00138761730454462,NY.GDP.MKTP.KD.ZG
Italy,ITA,2014,0.241047429826756,FP.CPI.TOTL.ZG
Italy,ITA,2014,12.683,SL.UEM.TOTL.ZS
Italy,ITA,2014,1.70979552518119,BN.CAB.XOKA.GD.ZS
Italy,ITA,2015,0.885667635240807,NY.GDP.MKTP.KD.ZG
Italy,ITA,2015,0.0387903996579733,FP.CPI.TOTL.ZG
Italy,ITA,2015,11.896,SL.UEM.TOTL.ZS
Italy,ITA,2015,1.23326652485505,BN.CAB.XOKA.GD.ZS
Italy,ITA,2016,1.23622108511661,NY.GDP.MKTP.KD.ZG
Italy,ITA,2016,-0.09401665691575,FP.CPI.TOTL.ZG
Italy,ITA,2016,11.688,SL.UEM.TOTL.ZS
Italy,ITA,2016,2.46140246001819,BN.CAB.XOKA.GD.ZS
Italy,ITA,2017,1.60369995294101,NY.GDP.MKTP.KD.ZG
Italy,ITA,2017,1.22653316645812,FP.CPI.TOTL.ZG
Italy,ITA,2017,11.211,SL.UEM.TOTL.ZS
Italy,ITA,2017,2.47968309636806,BN.CAB.XOKA.GD.ZS
Italy,ITA,2018,0.826646712344115,NY.GDP.MKTP.KD.ZG
Italy,ITA,2018,1.13748763600391,FP.CPI.TOTL.ZG
Italy,ITA,2018,10.61,SL.UEM.TOTL.ZS
Italy,ITA,2018,2.57144669559437,BN.CAB.XOKA.GD.ZS
Italy,ITA,2019,0.429162533780342,NY.GDP.MKTP.KD.ZG
Italy,ITA,2019,0.611246943765304,FP.CPI.TOTL.ZG
Italy,ITA,2019,9.951,SL.UEM.TOTL.ZS
Italy,ITA,2019,3.23388196417885,BN.CAB.XOKA.GD.ZS
Italy,ITA,2020,-8.86822122185345,NY.GDP.MKTP.KD.ZG
Italy,ITA,2020,-0.13770757391651,FP.CPI.TOTL.ZG
Italy,ITA,2020,9.164,SL.UEM.TOTL.ZS
Italy,ITA,2020,3.9369545603398,BN.CAB.XOKA.GD.ZS
Italy,ITA,2021,8.93106210800055,NY.GDP.MKTP.KD.ZG
Italy,ITA,2021,1.87378325762481,FP.CPI.TOTL.ZG
Italy,ITA,2021,9.497,SL.UEM.TOTL.ZS
Italy,ITA,2021,2.1243004153607,BN.CAB.XOKA.GD.ZS
Italy,ITA,2022,4.82117669913565,NY.GDP.MKTP.KD.ZG
Italy,ITA,2022,8.20128991161718,FP.CPI.TOTL.ZG
Italy,ITA,2022,8.069,SL.UEM.TOTL.ZS
Italy,ITA,2022,-1.72642752142058,BN.CAB.XOKA.GD.ZS
Italy,ITA,2023,0.715372500867531,NY.GDP.MKTP.KD.ZG
Italy,ITA,2023,5.62219442195901,FP.CPI.TOTL.ZG
Italy,ITA,2023,7.627,SL.UEM.TOTL.ZS
Italy,ITA,2023,0.141483235698338,BN.CAB.XOKA.GD.ZS
Italy,ITA,2024,0.725792380234424,NY.GDP.MKTP.KD.ZG
Italy,ITA,2024,0.982373023061417,FP.CPI.TOTL.ZG
Italy,ITA,2024,6.778,SL.UEM.TOTL.ZS
Italy,ITA,2024,1.1277967732789,BN.CAB.XOKA.GD.ZS
United States,USA,2000,4.07758576006954,NY.GDP.MKTP.KD.ZG
United States,USA,2000,3.37685727149929,FP.CPI.TOTL.ZG
United States,USA,2000,3.992,SL.UEM.TOTL.ZS
United States,USA,2000,33.2676418736523,GC.DOD.TOTL.GD.ZS
United States,USA,2000,-3.92088461637514,BN.CAB.XOKA.GD.ZS
United States,USA,2001,0.95553834188668,NY.GDP.MKTP.KD.ZG
United States,USA,2001,2.82617111885407,FP.CPI.TOTL.ZG
United States,USA,2001,4.731,SL.UEM.TOTL.ZS
United States,USA,2001,52.4436801645522,GC.DOD.TOTL.GD.ZS
United States,USA,2001,-3.72407526075822,BN.CAB.XOKA.GD.ZS
United States,USA,2002,1.7004473278454,NY.GDP.MKTP.KD.ZG
United States,USA,2002,1.58603162650601,FP.CPI.TOTL.ZG
United States,USA,2002,5.783,SL.UEM.TOTL.ZS
United States,USA,2002,53.8625384615103,GC.DOD.TOTL.GD.ZS
United States,USA,2002,-4.17334150234402,BN.CAB.XOKA.GD.ZS
United States,USA,2003,2.79560596521233,NY.GDP.MKTP.KD.ZG
United States,USA,2003,2.27009497336115,FP.CPI.TOTL.ZG
United States,USA,2003,5.989,SL.UEM.TOTL.ZS
United States,USA,2003,56.2503655146228,GC.DOD.TOTL.GD.ZS
United States,USA,2003,-4.55897769378821,BN.CAB.XOKA.GD.ZS
United States,USA,2004,3.84777169424153,NY.GDP.MKTP.KD.ZG
United States,USA,2004,2.67723669309172,FP.CPI.TOTL.ZG
United States,USA,2004,5.529,SL.UEM.TOTL.ZS
United States,USA,2004,56.6622734054524,GC.DOD.TOTL.GD.ZS
United States,USA,2004,-5.20485224269137,BN.CAB.XOKA.GD.ZS
United States,USA,2005,3.48354993544559,NY.GDP.MKTP.KD.ZG
United States,USA,2005,3.3927468454955,FP.CPI.TOTL.ZG
United States,USA,2005,5.084,SL.UEM.TOTL.ZS
United States,USA,2005,56.5388574158363,GC.DOD.TOTL.GD.ZS
United States,USA,2005,-5.74598267055862,BN.CAB.XOKA.GD.ZS
United States,USA,2006,2.78453963817891,NY.GDP.MKTP.KD.ZG
United States,USA,2006,3.22594410070404,FP.CPI.TOTL.ZG
United States,USA,2006,4.623,SL.UEM.TOTL.ZS
United States,USA,2006,55.46735161303,GC.DOD.TOTL.GD.ZS
United States,USA,2006,-5.91102091022869,BN.CAB.XOKA.GD.ZS
United States,USA,2007,2.00385829909158,NY.GDP.MKTP.KD.ZG
United States,USA,2007,2.85267248150138,FP.CPI.TOTL.ZG
United States,USA,2007,4.622,SL.UEM.TOTL.ZS
United States,USA,2007,55.6599218970435,GC.DOD.TOTL.GD.ZS
United States,USA,2007,-5.08872735734161,BN.CAB.XOKA.GD.ZS
United States,USA,2008,0.113587248160997,NY.GDP.MKTP.KD.ZG
United States,USA,2008,3.839100296651,FP.CPI.TOTL.ZG
United States,USA,2008,5.784,SL.UEM.TOTL.ZS
United States,USA,2008,63.8151121520296,GC.DOD.TOTL.GD.ZS
United States,USA,2008,-4.71585990444596,BN.CAB.XOKA.GD.ZS
United States,USA,2009,-2.57650023225001,NY.GDP.MKTP.KD.ZG
United States,USA,2009,-0.355546266299747,FP.CPI.TOTL.ZG
United States,USA,2009,9.254,SL.UEM.TOTL.ZS
United States,USA,2009,75.8420374764117,GC.DOD.TOTL.GD.ZS
United States,USA,2009,-2.62283632200348,BN.CAB.XOKA.GD.ZS
United States,USA,2010,2.69519258234851,NY.GDP.MKTP.KD.ZG
United States,USA,2010,1.6400434423899,FP.CPI.TOTL.ZG
United States,USA,2010,9.633,SL.UEM.TOTL.ZS
United States,USA,2010,84.9643739761343,GC.DOD.TOTL.GD.ZS
United States,USA,2010,-2.87064145448882,BN.CAB.XOKA.GD.ZS
United States,USA,2011,1.56440685537306,NY.GDP.MKTP.KD.ZG
United States,USA,2011,3.156841568622,FP.CPI.TOTL.ZG
United States,USA,2011,8.949,SL.UEM.TOTL.ZS
United States,USA,2011,89.5467947782693,GC.DOD.TOTL.GD.ZS
United States,USA,2011,-2.91862065322661,BN.CAB.XOKA.GD.ZS
United States,USA,2012,2.289113386319,NY.GDP.MKTP.KD.ZG
United States,USA,2012,2.06933726526067,FP.CPI.TOTL.ZG
United States,USA,2012,8.069,SL.UEM.TOTL.ZS
United States,USA,2012,93.6492746079881,GC.DOD.TOTL.GD.ZS
United States,USA,2012,-2.57236847367136,BN.CAB.XOKA.GD.ZS
United States,USA,2013,2.11783009786468,NY.GDP.MKTP.KD.ZG
United States,USA,2013,1.46483265562717,FP.CPI.TOTL.ZG
United States,USA,2013,7.375,SL.UEM.TOTL.ZS
United States,USA,2013,95.3225056118879,GC.DOD.TOTL.GD.ZS
United States,USA,2013,-2.01090797096302,BN.CAB.XOKA.GD.ZS
United States,USA,2014,2.52381981372621,NY.GDP.MKTP.KD.ZG
United States,USA,2014,1.62222297740817,FP.CPI.TOTL.ZG
United States,USA,2014,6.168,SL.UEM.TOTL.ZS
United States,USA,2014,95.454198507531,GC.DOD.TOTL.GD.ZS
United States,USA,2014,-2.10117617206317,BN.CAB.XOKA.GD.ZS
United States,USA,2015,2.94555045599772,NY.GDP.MKTP.KD.ZG
United States,USA,2015,0.118627135552451,FP.CPI.TOTL.ZG
United States,USA,2015,5.28,SL.UEM.TOTL.ZS
United States,USA,2015,95.9561561537597,GC.DOD.TOTL.GD.ZS
United States,USA,2015,-2.2325584903738,BN.CAB.XOKA.GD.ZS
United States,USA,2016,1.81945147620522,NY.GDP.MKTP.KD.ZG
United States,USA,2016,1.26158320570536,FP.CPI.TOTL.ZG
United States,USA,2016,4.869,SL.UEM.TOTL.ZS
United States,USA,2016,97.9289348480368,GC.DOD.TOTL.GD.ZS
United States,USA,2016,-2.10699725119707,BN.CAB.XOKA.GD.ZS
United States,USA,2017,2.45762230175086,NY.GDP.MKTP.KD.ZG
United States,USA,2017,2.13011000365961,FP.CPI.TOTL.ZG
United States,USA,2017,4.355,SL.UEM.TOTL.ZS
United States,USA,2017,97.021634906855,GC.DOD.TOTL.GD.ZS
United States,USA,2017,-1.87442427129943,BN.CAB.XOKA.GD.ZS
United States,USA,2018,2.96650506916596,NY.GDP.MKTP.KD.ZG
United States,USA,2018,2.44258329692817,FP.CPI.TOTL.ZG
United States,USA,2018,3.896,SL.UEM.TOTL.ZS
United States,USA,2018,98.4497724592085,GC.DOD.TOTL.GD.ZS
United States,USA,2018,-2.12935714812701,BN.CAB.XOKA.GD.ZS
United States,USA,2019,2.58382533018889,NY.GDP.MKTP.KD.ZG
United States,USA,2019,1.81221007526021,FP.CPI.TOTL.ZG
United States,USA,2019,3.669,SL.UEM.TOTL.ZS
United States,USA,2019,100.058217318845,GC.DOD.TOTL.GD.ZS
United States,USA,2019,-2.05082808332895,BN.CAB.XOKA.GD.ZS
United States,USA,2020,-2.16302913866512,NY.GDP.MKTP.KD.ZG
United States,USA,2020,1.23358439630629,FP.CPI.TOTL.ZG
United States,USA,2020,8.055,SL.UEM.TOTL.ZS
United States,USA,2020,124.514696354635,GC.DOD.TOTL.GD.ZS
United States,USA,2020,-2.81541652061746,BN.CAB.XOKA.GD.ZS
United States,USA,2021,6.05505293304556,NY.GDP.MKTP.KD.ZG
United States,USA,2021,4.69785886363742,FP.CPI.TOTL.ZG
United States,USA,2021,5.349,SL.UEM.TOTL.ZS
United States,USA,2021,118.400948162572,GC.DOD.TOTL.GD.ZS
United States,USA,2021,-3.66529172058257,BN.CAB.XOKA.GD.ZS
United States,USA,2022,2.5123753198332,NY.GDP.MKTP.KD.ZG
United States,USA,2022,8.00279982052121,FP.CPI.TOTL.ZG
United States,USA,2022,3.65,SL.UEM.TOTL.ZS
United States,USA,2022,112.817613391957,GC.DOD.TOTL.GD.ZS
United States,USA,2022,-3.8916721040072,BN.CAB.XOKA.GD.ZS
United States,USA,2023,2.88755600905984,NY.GDP.MKTP.KD.ZG
United States,USA,2023,4.11633838374488,FP.CPI.TOTL.ZG
United States,USA,2023,3.638,SL.UEM.TOTL.ZS
United States,USA,2023,114.755553330184,GC.DOD.TOTL.GD.ZS
United States,USA,2023,-3.26607086420481,BN.CAB.XOKA.GD.ZS
United States,USA,2024,2.79619035621393,NY.GDP.MKTP.KD.ZG
United States,USA,2024,2.94952520485207,FP.CPI.TOTL.ZG
United States,USA,2024,4.106,SL.UEM.TOTL.ZS
United States,USA,2024,,GC.DOD.TOTL.GD.ZS
United States,USA,2024,-3.88426682437385,BN.CAB.XOKA.GD.ZS
South Africa,ZAF,2000,4.20000000067826,NY.GDP.MKTP.KD.ZG
South Africa,ZAF,2000,5.33895913599828,FP.CPI.TOTL.ZG
South Africa,ZAF,2000,22.714,SL.UEM.TOTL.ZS
South Africa,ZAF,2000,39.6390583837328,GC.DOD.TOTL.GD.ZS
South Africa,ZAF,2000,-0.125570459653347,BN.CAB.XOKA.GD.ZS
South Africa,ZAF,2001,2.70000000019104,NY.GDP.MKTP.KD.ZG
South Africa,ZAF,2001,5.70189483049608,FP.CPI.TOTL.ZG
South Africa,ZAF,2001,22.605,SL.UEM.TOTL.ZS
South Africa,ZAF,2001,,GC.DOD.TOTL.GD.ZS
South Africa,ZAF,2001,0.253001084795547,BN.CAB.XOKA.GD.ZS
South Africa,ZAF,2002,3.70037440406668,NY.GDP.MKTP.KD.ZG
South Africa,ZAF,2002,9.494713780996,FP.CPI.TOTL.ZG
South Africa,ZAF,2002,22.547,SL.UEM.TOTL.ZS
South Africa,ZAF,2002,,GC.DOD.TOTL.GD.ZS
South Africa,ZAF,2002,0.781937464700479,BN.CAB.XOKA.GD.ZS
South Africa,ZAF,2003,2.94907546754213,NY.GDP.MKTP.KD.ZG
South Africa,ZAF,2003,5.67942414068799,FP.CPI.TOTL.ZG
South Africa,ZAF,2003,22.629,SL.UEM.TOTL.ZS
South Africa,ZAF,2003,,GC.DOD.TOTL.GD.ZS
South Africa,ZAF,2003,-0.782449992267883,BN.CAB.XOKA.GD.ZS
South Africa,ZAF,2004,4.55455990721774,NY.GDP.MKTP.KD.ZG
South Africa,ZAF,2004,-0.692039437857687,FP.CPI.TOTL.ZG
South Africa,ZAF,2004,22.538,SL.UEM.TOTL.ZS
South Africa,ZAF,2004,,GC.DOD.TOTL.GD.ZS
South Africa,ZAF,2004,-2.50726120703613,BN.CAB.XOKA.GD.ZS
South Africa,ZAF,2005,5.27705197295467,NY.GDP.MKTP.KD.ZG
South Africa,ZAF,2005,2.06285308223427,FP.CPI.TOTL.ZG
South Africa,ZAF,2005,22.461,SL.UEM.TOTL.ZS
South Africa,ZAF,2005,,GC.DOD.TOTL.GD.ZS
South Africa,ZAF,2005,-2.7747758989594,BN.CAB.XOKA.GD.ZS
South Africa,ZAF,2006,5.60380645895889,NY.GDP.MKTP.KD.ZG
South Africa,ZAF,2006,3.2439076541923,FP.CPI.TOTL.ZG
South Africa,ZAF,2006,22.324,SL.UEM.TOTL.ZS
South Africa,ZAF,2006,,GC.DOD.TOTL.GD.ZS
South Africa,ZAF,2006,-4.00012427594728,BN.CAB.XOKA.GD.ZS
South Africa,ZAF,2007,5.36047405394162,NY.GDP.MKTP.KD.ZG
South Africa,ZAF,2007,6.17781214809388,FP.CPI.TOTL.ZG
South Africa,ZAF,2007,22.287,SL.UEM.TOTL.ZS
South Africa,ZAF,2007,,GC.DOD.TOTL.GD.ZS
South Africa,ZAF,2007,-4.86189160706926,BN.CAB.XOKA.GD.ZS
South Africa,ZAF,2008,3.1910438863288,NY.GDP.MKTP.KD.ZG
South Africa,ZAF,2008,9.90998456005467,FP.CPI.TOTL.ZG
South Africa,ZAF,2008,22.407,SL.UEM.TOTL.ZS
South Africa,ZAF,2008,,GC.DOD.TOTL.GD.ZS
South Africa,ZAF,2008,-5.1861810846768,BN.CAB.XOKA.GD.ZS
South Africa,ZAF,2009,-1.53808913525583,NY.GDP.MKTP.KD.ZG
South Africa,ZAF,2009,7.23809523809527,FP.CPI.TOTL.ZG
South Africa,ZAF,2009,23.523,SL.UEM.TOTL.ZS
South Africa,ZAF,2009,,GC.DOD.TOTL.GD.ZS
South Africa,ZAF,2009,-2.38458187361532,BN.CAB.XOKA.GD.ZS
South Africa,ZAF,2010,3.03973288127956,NY.GDP.MKTP.KD.ZG
South Africa,ZAF,2010,4.06749555950263,FP.CPI.TOTL.ZG
South Africa,ZAF,2010,24.683,SL.UEM.TOTL.ZS
South Africa,ZAF,2010,,GC.DOD.TOTL.GD.ZS
South Africa,ZAF,2010,-1.29901805615596,BN.CAB.XOKA.GD.ZS
South Africa,ZAF,2011,3.16855627858818,NY.GDP.MKTP.KD.ZG
South Africa,ZAF,2011,5.0008533879502,FP.CPI.TOTL.ZG
South Africa,ZAF,2011,24.639,SL.UEM.TOTL.ZS
South Africa,ZAF,2011,,GC.DOD.TOTL.GD.ZS
South Africa,ZAF,2011,-2.01967628513274,BN.CAB.XOKA.GD.ZS
South Africa,ZAF,2012,2.39623238465745,NY.GDP.MKTP.KD.ZG
South Africa,ZAF,2012,5.73797139141739,FP.CPI.TOTL.ZG
South Africa,ZAF,2012,24.727,SL.UEM.TOTL.ZS
South Africa,ZAF,2012,,GC.DOD.TOTL.GD.ZS
South Africa,ZAF,2012,-4.68373643403848,BN.CAB.XOKA.GD.ZS
South Africa,ZAF,2013,2.48546800826588,NY.GDP.MKTP.KD.ZG
South Africa,ZAF,2013,5.78016910069176,FP.CPI.TOTL.ZG
South Africa,ZAF,2013,24.561,SL.UEM.TOTL.ZS
South Africa,ZAF,2013,,GC.DOD.TOTL.GD.ZS
South Africa,ZAF,2013,-5.33837274756911,BN.CAB.XOKA.GD.ZS
South Africa,ZAF,2014,1.41382645223793,NY.GDP.MKTP.KD.ZG
South Africa,ZAF,2014,6.13282953059149,FP.CPI.TOTL.ZG
South Africa,ZAF,2014,24.89,SL.UEM.TOTL.ZS
South Africa,ZAF,2014,,GC.DOD.TOTL.GD.ZS
South Africa,ZAF,2014,-4.81243259488483,BN.CAB.XOKA.GD.ZS
South Africa,ZAF,2015,1.32186223678229,NY.GDP.MKTP.KD.ZG
South Africa,ZAF,2015,4.51869094892506,FP.CPI.TOTL.ZG
South Africa,ZAF,2015,25.149,SL.UEM.TOTL.ZS
South Africa,ZAF,2015,52.6511572360833,GC.DOD.TOTL.GD.ZS
South Africa,ZAF,2015,-4.31028688643788,BN.CAB.XOKA.GD.ZS
South Africa,ZAF,2016,0.664552307858116,NY.GDP.MKTP.KD.ZG
South Africa,ZAF,2016,6.60290842394872,FP.CPI.TOTL.ZG
South Africa,ZAF,2016,26.536,SL.UEM.TOTL.ZS
South Africa,ZAF,2016,53.7387913884354,GC.DOD.TOTL.GD.ZS
South Africa,ZAF,2016,-2.63361451678798,BN.CAB.XOKA.GD.ZS
South Africa,ZAF,2017,1.15794695181735,NY.GDP.MKTP.KD.ZG
South Africa,ZAF,2017,5.18618655524149,FP.CPI.TOTL.ZG
South Africa,ZAF,2017,27.035,SL.UEM.TOTL.ZS
South Africa,ZAF,2017,56.2597208390879,GC.DOD.TOTL.GD.ZS
South Africa,ZAF,2017,-2.37436753188649,BN.CAB.XOKA.GD.ZS
South Africa,ZAF,2018,1.55678384721676,NY.GDP.MKTP.KD.ZG
South Africa,ZAF,2018,4.50987264867388,FP.CPI.TOTL.ZG
South Africa,ZAF,2018,26.906,SL.UEM.TOTL.ZS
South Africa,ZAF,2018,59.1023114070608,GC.DOD.TOTL.GD.ZS
South Africa,ZAF,2018,-3.00051939426576,BN.CAB.XOKA.GD.ZS
South Africa,ZAF,2019,0.25993557687633,NY.GDP.MKTP.KD.ZG
South Africa,ZAF,2019,4.10285075461156,FP.CPI.TOTL.ZG
South Africa,ZAF,2019,28.468,SL.UEM.TOTL.ZS
South Africa,ZAF,2019,64.5892781351104,GC.DOD.TOTL.GD.ZS
South Africa,ZAF,2019,-2.6199906748304,BN.CAB.XOKA.GD.ZS
South Africa,ZAF,2020,-6.1689177146757,NY.GDP.MKTP.KD.ZG
South Africa,ZAF,2020,3.23238831615113,FP.CPI.TOTL.ZG
South Africa,ZAF,2020,29.217,SL.UEM.TOTL.ZS
South Africa,ZAF,2020,75.7255090793216,GC.DOD.TOTL.GD.ZS
South Africa,ZAF,2020,2.00352275153333,BN.CAB.XOKA.GD.ZS
South Africa,ZAF,2021,4.95503259440756,NY.GDP.MKTP.KD.ZG
South Africa,ZAF,2021,4.61874544887136,FP.CPI.TOTL.ZG
South Africa,ZAF,2021,34.007,SL.UEM.TOTL.ZS
South Africa,ZAF,2021,73.8065091009354,GC.DOD.TOTL.GD.ZS
South Africa,ZAF,2021,3.73044877034516,BN.CAB.XOKA.GD.ZS
South Africa,ZAF,2022,1.91147996033504,NY.GDP.MKTP.KD.ZG
South Africa,ZAF,2022,7.03987272546482,FP.CPI.TOTL.ZG
South Africa,ZAF,2022,33.268,SL.UEM.TOTL.ZS
South Africa,ZAF,2022,76.2372383337531,GC.DOD.TOTL.GD.ZS
South Africa,ZAF,2022,-0.461509368787066,BN.CAB.XOKA.GD.ZS
South Africa,ZAF,2023,0.698485193724835,NY.GDP.MKTP.KD.ZG
South Africa,ZAF,2023,6.0752438457966,FP.CPI.TOTL.ZG
South Africa,ZAF,2023,32.098,SL.UEM.TOTL.ZS
South Africa,ZAF,2023,,GC.DOD.TOTL.GD.ZS
South Africa,ZAF,2023,-1.6136668878108,BN.CAB.XOKA.GD.ZS
South Africa,ZAF,2024,0.579853692303914,NY.GDP.MKTP.KD.ZG
South Africa,ZAF,2024,4.36115246518962,FP.CPI.TOTL.ZG
South Africa,ZAF,2024,33.168,SL.UEM.TOTL.ZS
South Africa,ZAF,2024,,GC.DOD.TOTL.GD.ZS
South Africa,ZAF,2024,-0.595522236204416,BN.CAB.XOKA.GD.ZS
