date,country.value,value,indicator,countryiso3code
2000,Brazil,4.38794944745618,NY.GDP.MKTP.KD.ZG,BRA
2000,Brazil,7.04414105947266,FP.CPI.TOTL.ZG,BRA
2000,Brazil,10.889,SL.UEM.TOTL.ZS,BRA
2000,Brazil,,GC.DOD.TOTL.GD.ZS,BRA
2000,Brazil,-4.0477413019387,BN.CAB.XOKA.GD.ZS,BRA
2001,Brazil,1.38989640095637,NY.GDP.MKTP.KD.ZG,BRA
2001,Brazil,6.84035902487523,FP.CPI.TOTL.ZG,BRA
2001,Brazil,10.649,SL.UEM.TOTL.ZS,BRA
2001,Brazil,,GC.DOD.TOTL.GD.ZS,BRA
2001,Brazil,-4.44478653179819,BN.CAB.XOKA.GD.ZS,BRA
2002,Brazil,3.05346185909312,NY.GDP.MKTP.KD.ZG,BRA
2002,Brazil,8.45016437708331,FP.CPI.TOTL.ZG,BRA
2002,Brazil,10.641,SL.UEM.TOTL.ZS,BRA
2002,Brazil,,GC.DOD.TOTL.GD.ZS,BRA
2002,Brazil,-1.84525901678299,BN.CAB.XOKA.GD.ZS,BRA
2003,Brazil,1.14082899824888,NY.GDP.MKTP.KD.ZG,BRA
2003,Brazil,14.7149197228147,FP.CPI.TOTL.ZG,BRA
2003,Brazil,11.168,SL.UEM.TOTL.ZS,BRA
2003,Brazil,,GC.DOD.TOTL.GD.ZS,BRA
2003,Brazil,0.392877183707379,BN.CAB.XOKA.GD.ZS,BRA
2004,Brazil,5.75996463670954,NY.GDP.MKTP.KD.ZG,BRA
2004,Brazil,6.59718509985963,FP.CPI.TOTL.ZG,BRA
2004,Brazil,10.072,SL.UEM.TOTL.ZS,BRA
2004,Brazil,,GC.DOD.TOTL.GD.ZS,BRA
2004,Brazil,1.33863064799445,BN.CAB.XOKA.GD.ZS,BRA
2005,Brazil,3.20213206130431,NY.GDP.MKTP.KD.ZG,BRA
2005,Brazil,6.86953720898964,FP.CPI.TOTL.ZG,BRA
2005,Brazil,10.551,SL.UEM.TOTL.ZS,BRA
2005,Brazil,,GC.DOD.TOTL.GD.ZS,BRA
2005,Brazil,1.30988466560485,BN.CAB.XOKA.GD.ZS,BRA
2006,Brazil,3.96198871122617,NY.GDP.MKTP.KD.ZG,BRA
2006,Brazil,4.18356812896909,FP.CPI.TOTL.ZG,BRA
2006,Brazil,9.692,SL.UEM.TOTL.ZS,BRA
2006,Brazil,,GC.DOD.TOTL.GD.ZS,BRA
2006,Brazil,0.9727105230346,BN.CAB.XOKA.GD.ZS,BRA
2007,Brazil,6.06987060678338,NY.GDP.MKTP.KD.ZG,BRA
2007,Brazil,3.64127299102652,FP.CPI.TOTL.ZG,BRA
2007,Brazil,9.28,SL.UEM.TOTL.ZS,BRA
2007,Brazil,,GC.DOD.TOTL.GD.ZS,BRA
2007,Brazil,-0.19709696108555,BN.CAB.XOKA.GD.ZS,BRA
2008,Brazil,5.09419544658736,NY.GDP.MKTP.KD.ZG,BRA
2008,Brazil,5.67859390284168,FP.CPI.TOTL.ZG,BRA
2008,Brazil,8.268,SL.UEM.TOTL.ZS,BRA
2008,Brazil,,GC.DOD.TOTL.GD.ZS,BRA
2008,Brazil,-2.09933784786717,BN.CAB.XOKA.GD.ZS,BRA
2009,Brazil,-0.125812002161169,NY.GDP.MKTP.KD.ZG,BRA
2009,Brazil,4.88803479876799,FP.CPI.TOTL.ZG,BRA
2009,Brazil,9.419,SL.UEM.TOTL.ZS,BRA
2009,Brazil,,GC.DOD.TOTL.GD.ZS,BRA
2009,Brazil,-1.7593578735281,BN.CAB.XOKA.GD.ZS,BRA
2010,Brazil,7.52822581815364,NY.GDP.MKTP.KD.ZG,BRA
2010,Brazil,5.03872690108075,FP.CPI.TOTL.ZG,BRA
2010,Brazil,8.422,SL.UEM.TOTL.ZS,BRA
2010,Brazil,61.3187804643039,GC.DOD.TOTL.GD.ZS,BRA
2010,Brazil,-3.92594604454763,BN.CAB.XOKA.GD.ZS,BRA
2011,Brazil,3.97442307944702,NY.GDP.MKTP.KD.ZG,BRA
2011,Brazil,6.6364496221309,FP.CPI.TOTL.ZG,BRA
2011,Brazil,7.578,SL.UEM.TOTL.ZS,BRA
2011,Brazil,59.3416583028164,GC.DOD.TOTL.GD.ZS,BRA
2011,Brazil,-3.19461831905473,BN.CAB.XOKA.GD.ZS,BRA
2012,Brazil,1.92117598576537,NY.GDP.MKTP.KD.ZG,BRA
2012,Brazil,5.40349914036997,FP.CPI.TOTL.ZG,BRA
2012,Brazil,7.251,SL.UEM.TOTL.ZS,BRA
2012,Brazil,59.8494900007969,GC.DOD.TOTL.GD.ZS,BRA
2012,Brazil,-3.75941611687375,BN.CAB.XOKA.GD.ZS,BRA
2013,Brazil,3.00482266944432,NY.GDP.MKTP.KD.ZG,BRA
2013,Brazil,6.20431066640101,FP.CPI.TOTL.ZG,BRA
2013,Brazil,7.071,SL.UEM.TOTL.ZS,BRA
2013,Brazil,57.2284093845516,GC.DOD.TOTL.GD.ZS,BRA
2013,Brazil,-3.57422079622864,BN.CAB.XOKA.GD.ZS,BRA
2014,Brazil,0.503955740242247,NY.GDP.MKTP.KD.ZG,BRA
2014,Brazil,6.32904015516139,FP.CPI.TOTL.ZG,BRA
2014,Brazil,6.755,SL.UEM.TOTL.ZS,BRA
2014,Brazil,58.4572711058609,GC.DOD.TOTL.GD.ZS,BRA
2014,Brazil,-4.4988303801852,BN.CAB.XOKA.GD.ZS,BRA
2015,Brazil,-3.54576339269425,NY.GDP.MKTP.KD.ZG,BRA
2015,Brazil,9.02990102416136,FP.CPI.TOTL.ZG,BRA
2015,Brazil,8.538,SL.UEM.TOTL.ZS,BRA
2015,Brazil,67.5375540310909,GC.DOD.TOTL.GD.ZS,BRA
2015,Brazil,-3.51839166799859,BN.CAB.XOKA.GD.ZS,BRA
2016,Brazil,-3.27591690782192,NY.GDP.MKTP.KD.ZG,BRA
2016,Brazil,8.73914352329393,FP.CPI.TOTL.ZG,BRA
2016,Brazil,11.58,SL.UEM.TOTL.ZS,BRA
2016,Brazil,73.4188038014782,GC.DOD.TOTL.GD.ZS,BRA
2016,Brazil,-1.700113396765,BN.CAB.XOKA.GD.ZS,BRA
2017,Brazil,1.32286905404399,NY.GDP.MKTP.KD.ZG,BRA
2017,Brazil,3.44637335032669,FP.CPI.TOTL.ZG,BRA
2017,Brazil,12.792,SL.UEM.TOTL.ZS,BRA
2017,Brazil,83.669202649666,GC.DOD.TOTL.GD.ZS,BRA
2017,Brazil,-1.22429925769002,BN.CAB.XOKA.GD.ZS,BRA
2018,Brazil,1.783666761634,NY.GDP.MKTP.KD.ZG,BRA
2018,Brazil,3.66485028376729,FP.CPI.TOTL.ZG,BRA
2018,Brazil,12.329,SL.UEM.TOTL.ZS,BRA
2018,Brazil,86.6078841211512,GC.DOD.TOTL.GD.ZS,BRA
2018,Brazil,-2.80752008594698,BN.CAB.XOKA.GD.ZS,BRA
2019,Brazil,1.22077782360842,NY.GDP.MKTP.KD.ZG,BRA
2019,Brazil,3.73297621216894,FP.CPI.TOTL.ZG,BRA
2019,Brazil,11.936,SL.UEM.TOTL.ZS,BRA
2019,Brazil,92.5652531945418,GC.DOD.TOTL.GD.ZS,BRA
2019,Brazil,-3.46989581435142,BN.CAB.XOKA.GD.ZS,BRA
2020,Brazil,-3.2767587964736,NY.GDP.MKTP.KD.ZG,BRA
2020,Brazil,3.21176803803376,FP.CPI.TOTL.ZG,BRA
2020,Brazil,13.697,SL.UEM.TOTL.ZS,BRA
2020,Brazil,98.7098819468714,GC.DOD.TOTL.GD.ZS,BRA
2020,Brazil,-1.687788053241,BN.CAB.XOKA.GD.ZS,BRA
2021,Brazil,4.76260437908608,NY.GDP.MKTP.KD.ZG,BRA
2021,Brazil,8.30165975585673,FP.CPI.TOTL.ZG,BRA
2021,Brazil,13.158,SL.UEM.TOTL.ZS,BRA
2021,Brazil,85.0115036768016,GC.DOD.TOTL.GD.ZS,BRA
2021,Brazil,-2.4187656822737,BN.CAB.XOKA.GD.ZS,BRA
2022,Brazil,3.01669435393015,NY.GDP.MKTP.KD.ZG,BRA
2022,Brazil,9.28010608956873,FP.CPI.TOTL.ZG,BRA
2022,Brazil,9.231,SL.UEM.TOTL.ZS,BRA
2022,Brazil,79.1023218878495,GC.DOD.TOTL.GD.ZS,BRA
2022,Brazil,-2.15975658541159,BN.CAB.XOKA.GD.ZS,BRA
2023,Brazil,3.24165532906981,NY.GDP.MKTP.KD.ZG,BRA
2023,Brazil,4.59356282283204,FP.CPI.TOTL.ZG,BRA
2023,Brazil,7.947,SL.UEM.TOTL.ZS,BRA
2023,Brazil,83.0317498523878,GC.DOD.TOTL.GD.ZS,BRA
2023,Brazil,-1.27481070395724,BN.CAB.XOKA.GD.ZS,BRA
2024,Brazil,3.39586645454844,NY.GDP.MKTP.KD.ZG,BRA
2024,Brazil,4.36746407652337,FP.CPI.TOTL.ZG,BRA
2024,Brazil,7.634,SL.UEM.TOTL.ZS,BRA
2024,Brazil,,GC.DOD.TOTL.GD.ZS,BRA
2024,Brazil,-2.80783369862457,BN.CAB.XOKA.GD.ZS,BRA
2000,China,8.58643201808462,NY.GDP.MKTP.KD.ZG,CHN
2000,China,0.347811226864587,FP.CPI.TOTL.ZG,CHN
2000,China,3.26,SL.UEM.TOTL.ZS,CHN
2000,China,1.67667411710879,BN.CAB.XOKA.GD.ZS,CHN
2001,China,8.31263887091522,NY.GDP.MKTP.KD.ZG,CHN
2001,China,0.719125609120114,FP.CPI.TOTL.ZG,CHN
2001,China,3.8,SL.UEM.TOTL.ZS,CHN
2001,China,1.28417196444636,BN.CAB.XOKA.GD.ZS,CHN
2002,China,9.24339326638321,NY.GDP.MKTP.KD.ZG,CHN
2002,China,-0.731970902350244,FP.CPI.TOTL.ZG,CHN
2002,China,4.24,SL.UEM.TOTL.ZS,CHN
2002,China,2.37759984341841,BN.CAB.XOKA.GD.ZS,CHN
2003,China,10.1181928640117,NY.GDP.MKTP.KD.ZG,CHN
2003,China,1.12760348729637,FP.CPI.TOTL.ZG,CHN
2003,China,4.58,SL.UEM.TOTL.ZS,CHN
2003,China,2.55665409110255,BN.CAB.XOKA.GD.ZS,CHN
2004,China,10.1314073631003,NY.GDP.MKTP.KD.ZG,CHN
2004,China,3.82463743108159,FP.CPI.TOTL.ZG,CHN
2004,China,4.49,SL.UEM.TOTL.ZS,CHN
2004,China,3.47450259619584,BN.CAB.XOKA.GD.ZS,CHN
2005,China,11.458238455067,NY.GDP.MKTP.KD.ZG,CHN
2005,China,1.77641407667571,FP.CPI.TOTL.ZG,CHN
2005,China,4.52,SL.UEM.TOTL.ZS,CHN
2005,China,5.71199843031159,BN.CAB.XOKA.GD.ZS,CHN
2006,China,12.6746751655235,NY.GDP.MKTP.KD.ZG,CHN
2006,China,1.6494309945586,FP.CPI.TOTL.ZG,CHN
2006,China,4.43,SL.UEM.TOTL.ZS,CHN
2006,China,8.30532573537484,BN.CAB.XOKA.GD.ZS,CHN
2007,China,14.1499854947127,NY.GDP.MKTP.KD.ZG,CHN
2007,China,4.81676767378834,FP.CPI.TOTL.ZG,CHN
2007,China,4.35,SL.UEM.TOTL.ZS,CHN
2007,China,9.79958953536148,BN.CAB.XOKA.GD.ZS,CHN
2008,China,9.67024588602851,NY.GDP.MKTP.KD.ZG,CHN
2008,China,5.92525137041092,FP.CPI.TOTL.ZG,CHN
2008,China,4.59,SL.UEM.TOTL.ZS,CHN
2008,China,9.01086996317632,BN.CAB.XOKA.GD.ZS,CHN
2009,China,9.40269972778044,NY.GDP.MKTP.KD.ZG,CHN
2009,China,-0.728165250932898,FP.CPI.TOTL.ZG,CHN
2009,China,4.72,SL.UEM.TOTL.ZS,CHN
2009,China,4.68740638141982,BN.CAB.XOKA.GD.ZS,CHN
2010,China,10.5962719761682,NY.GDP.MKTP.KD.ZG,CHN
2010,China,3.17532475269199,FP.CPI.TOTL.ZG,CHN
2010,China,4.53,SL.UEM.TOTL.ZS,CHN
2010,China,3.8402567341525,BN.CAB.XOKA.GD.ZS,CHN
2011,China,9.4613358870736,NY.GDP.MKTP.KD.ZG,CHN
2011,China,5.55389892257493,FP.CPI.TOTL.ZG,CHN
2011,China,4.55,SL.UEM.TOTL.ZS,CHN
2011,China,1.77399724587567,BN.CAB.XOKA.GD.ZS,CHN
2012,China,7.85617427055587,NY.GDP.MKTP.KD.ZG,CHN
2012,China,2.61952432645541,FP.CPI.TOTL.ZG,CHN
2012,China,4.58,SL.UEM.TOTL.ZS,CHN
2012,China,2.48328422404794,BN.CAB.XOKA.GD.ZS,CHN
2013,China,7.77872409446717,NY.GDP.MKTP.KD.ZG,CHN
2013,China,2.62105001748115,FP.CPI.TOTL.ZG,CHN
2013,China,4.6,SL.UEM.TOTL.ZS,CHN
2013,China,1.52111320885029,BN.CAB.XOKA.GD.ZS,CHN
2014,China,7.46190028229434,NY.GDP.MKTP.KD.ZG,CHN
2014,China,1.92164162788521,FP.CPI.TOTL.ZG,CHN
2014,China,4.63,SL.UEM.TOTL.ZS,CHN
2014,China,2.21130586371267,BN.CAB.XOKA.GD.ZS,CHN
2015,China,6.97878002657477,NY.GDP.MKTP.KD.ZG,CHN
2015,China,1.43702380935655,FP.CPI.TOTL.ZG,CHN
2015,China,4.65,SL.UEM.TOTL.ZS,CHN
2015,China,2.59752794949746,BN.CAB.XOKA.GD.ZS,CHN
2016,China,6.77555562837017,NY.GDP.MKTP.KD.ZG,CHN
2016,China,2.00000182191943,FP.CPI.TOTL.ZG,CHN
2016,China,4.56,SL.UEM.TOTL.ZS,CHN
2016,China,1.67018709565352,BN.CAB.XOKA.GD.ZS,CHN
2017,China,6.8912663621211,NY.GDP.MKTP.KD.ZG,CHN
2017,China,1.59313600071436,FP.CPI.TOTL.ZG,CHN
2017,China,4.47,SL.UEM.TOTL.ZS,CHN
2017,China,1.50488723669316,BN.CAB.XOKA.GD.ZS,CHN
2018,China,6.75671800166833,NY.GDP.MKTP.KD.ZG,CHN
2018,China,2.07479039965576,FP.CPI.TOTL.ZG,CHN
2018,China,4.31,SL.UEM.TOTL.ZS,CHN
2018,China,0.170563391928727,BN.CAB.XOKA.GD.ZS,CHN
2019,China,6.06850235053705,NY.GDP.MKTP.KD.ZG,CHN
2019,China,2.89923416358227,FP.CPI.TOTL.ZG,CHN
2019,China,4.56,SL.UEM.TOTL.ZS,CHN
2019,China,0.706790487310523,BN.CAB.XOKA.GD.ZS,CHN
2020,China,2.34018843078414,NY.GDP.MKTP.KD.ZG,CHN
2020,China,2.41942189457782,FP.CPI.TOTL.ZG,CHN
2020,China,5.0,SL.UEM.TOTL.ZS,CHN
2020,China,1.65930095801393,BN.CAB.XOKA.GD.ZS,CHN
2021,China,8.57008513166322,NY.GDP.MKTP.KD.ZG,CHN
2021,China,0.981015135544882,FP.CPI.TOTL.ZG,CHN
2021,China,4.55,SL.UEM.TOTL.ZS,CHN
2021,China,1.93875176197337,BN.CAB.XOKA.GD.ZS,CHN
2022,China,3.1341888719577,NY.GDP.MKTP.KD.ZG,CHN
2022,China,1.97357555739051,FP.CPI.TOTL.ZG,CHN
2022,China,4.98,SL.UEM.TOTL.ZS,CHN
2022,China,2.42059259149418,BN.CAB.XOKA.GD.ZS,CHN
2023,China,5.41484330099675,NY.GDP.MKTP.KD.ZG,CHN
2023,China,0.234836828893051,FP.CPI.TOTL.ZG,CHN
2023,China,4.67,SL.UEM.TOTL.ZS,CHN
2023,China,1.4415829879426,BN.CAB.XOKA.GD.ZS,CHN
2024,China,4.9773565917572,NY.GDP.MKTP.KD.ZG,CHN
2024,China,0.218128938439177,FP.CPI.TOTL.ZG,CHN
2024,China,4.571,SL.UEM.TOTL.ZS,CHN
2024,China,2.2616499482671,BN.CAB.XOKA.GD.ZS,CHN
2000,Germany,2.87724595591061,NY.GDP.MKTP.KD.ZG,DEU
2000,Germany,1.44026838719741,FP.CPI.TOTL.ZG,DEU
2000,Germany,7.917,SL.UEM.TOTL.ZS,DEU
2000,Germany,-1.5131310276989,BN.CAB.XOKA.GD.ZS,DEU
2001,Germany,1.63654099437316,NY.GDP.MKTP.KD.ZG,DEU
2001,Germany,1.98385731334471,FP.CPI.TOTL.ZG,DEU
2001,Germany,7.773,SL.UEM.TOTL.ZS,DEU
2001,Germany,-0.17042466008937,BN.CAB.XOKA.GD.ZS,DEU
2002,Germany,-0.228310223930706,NY.GDP.MKTP.KD.ZG,DEU
2002,Germany,1.42080615551526,FP.CPI.TOTL.ZG,DEU
2002,Germany,8.482,SL.UEM.TOTL.ZS,DEU
2002,Germany,1.98424702046954,BN.CAB.XOKA.GD.ZS,DEU
2003,Germany,-0.529929010433477,NY.GDP.MKTP.KD.ZG,DEU
2003,Germany,1.03422218628562,FP.CPI.TOTL.ZG,DEU
2003,Germany,9.779,SL.UEM.TOTL.ZS,DEU
2003,Germany,1.53250948753762,BN.CAB.XOKA.GD.ZS,DEU
2004,Germany,1.16236825444811,NY.GDP.MKTP.KD.ZG,DEU
2004,Germany,1.66573696655992,FP.CPI.TOTL.ZG,DEU
2004,Germany,10.727,SL.UEM.TOTL.ZS,DEU
2004,Germany,4.53374240243279,BN.CAB.XOKA.GD.ZS,DEU
2005,Germany,0.885697256705441,NY.GDP.MKTP.KD.ZG,DEU
2005,Germany,1.54691114751328,FP.CPI.TOTL.ZG,DEU
2005,Germany,11.193,SL.UEM.TOTL.ZS,DEU
2005,Germany,4.64324145764123,BN.CAB.XOKA.GD.ZS,DEU
2006,Germany,3.85573614635729,NY.GDP.MKTP.KD.ZG,DEU
2006,Germany,1.57742642840563,FP.CPI.TOTL.ZG,DEU
2006,Germany,10.277,SL.UEM.TOTL.ZS,DEU
2006,Germany,5.83661726884206,BN.CAB.XOKA.GD.ZS,DEU
2007,Germany,2.89010717888073,NY.GDP.MKTP.KD.ZG,DEU
2007,Germany,2.29834400700951,FP.CPI.TOTL.ZG,DEU
2007,Germany,8.732,SL.UEM.TOTL.ZS,DEU
2007,Germany,6.70574096490581,BN.CAB.XOKA.GD.ZS,DEU
2008,Germany,0.910403214153277,NY.GDP.MKTP.KD.ZG,DEU
2008,Germany,2.62837981637219,FP.CPI.TOTL.ZG,DEU
2008,Germany,7.508,SL.UEM.TOTL.ZS,DEU
2008,Germany,5.57681458234834,BN.CAB.XOKA.GD.ZS,DEU
2009,Germany,-5.54516454479311,NY.GDP.MKTP.KD.ZG,DEU
2009,Germany,0.312739007368447,FP.CPI.TOTL.ZG,DEU
2009,Germany,7.88,SL.UEM.TOTL.ZS,DEU
2009,Germany,5.87415966958685,BN.CAB.XOKA.GD.ZS,DEU
2010,Germany,4.14676755040489,NY.GDP.MKTP.KD.ZG,DEU
2010,Germany,1.1038103778926,FP.CPI.TOTL.ZG,DEU
2010,Germany,7.043,SL.UEM.TOTL.ZS,DEU
2010,Germany,5.77101102573257,BN.CAB.XOKA.GD.ZS,DEU
2011,Germany,3.75796884487347,NY.GDP.MKTP.KD.ZG,DEU
2011,Germany,2.07517283735874,FP.CPI.TOTL.ZG,DEU
2011,Germany,5.967,SL.UEM.TOTL.ZS,DEU
2011,Germany,6.25886646333735,BN.CAB.XOKA.GD.ZS,DEU
2012,Germany,0.47429132103845,NY.GDP.MKTP.KD.ZG,DEU
2012,Germany,2.00848884782956,FP.CPI.TOTL.ZG,DEU
2012,Germany,5.372,SL.UEM.TOTL.ZS,DEU
2012,Germany,7.19271816687105,BN.CAB.XOKA.GD.ZS,DEU
2013,Germany,0.386224592046474,NY.GDP.MKTP.KD.ZG,DEU
2013,Germany,1.50472330251876,FP.CPI.TOTL.ZG,DEU
2013,Germany,5.316,SL.UEM.TOTL.ZS,DEU
2013,Germany,6.72723104677662,BN.CAB.XOKA.GD.ZS,DEU
2014,Germany,2.16949889758517,NY.GDP.MKTP.KD.ZG,DEU
2014,Germany,0.906794000434246,FP.CPI.TOTL.ZG,DEU
2014,Germany,4.979,SL.UEM.TOTL.ZS,DEU
2014,Germany,7.19249005241927,BN.CAB.XOKA.GD.ZS,DEU
2015,Germany,1.65271978656361,NY.GDP.MKTP.KD.ZG,DEU
2015,Germany,0.514426137125456,FP.CPI.TOTL.ZG,DEU
2015,Germany,4.612,SL.UEM.TOTL.ZS,DEU
2015,Germany,8.10033539639848,BN.CAB.XOKA.GD.ZS,DEU
2016,Germany,2.29471066413561,NY.GDP.MKTP.KD.ZG,DEU
2016,Germany,0.491747008445174,FP.CPI.TOTL.ZG,DEU
2016,Germany,4.104,SL.UEM.TOTL.ZS,DEU
2016,Germany,8.89985353214632,BN.CAB.XOKA.GD.ZS,DEU
2017,Germany,2.71602454639843,NY.GDP.MKTP.KD.ZG,DEU
2017,Germany,1.50949485109628,FP.CPI.TOTL.ZG,DEU
2017,Germany,3.781,SL.UEM.TOTL.ZS,DEU
2017,Germany,8.08358573755333,BN.CAB.XOKA.GD.ZS,DEU
2018,Germany,1.11644310902427,NY.GDP.MKTP.KD.ZG,DEU
2018,Germany,1.73216879766942,FP.CPI.TOTL.ZG,DEU
2018,Germany,3.384,SL.UEM.TOTL.ZS,DEU
2018,Germany,8.44474369079797,BN.CAB.XOKA.GD.ZS,DEU
2019,Germany,0.987893350164853,NY.GDP.MKTP.KD.ZG,DEU
2019,Germany,1.44565976888253,FP.CPI.TOTL.ZG,DEU
2019,Germany,3.163,SL.UEM.TOTL.ZS,DEU
2019,Germany,7.88005874480123,BN.CAB.XOKA.GD.ZS,DEU
2020,Germany,-4.09513751682526,NY.GDP.MKTP.KD.ZG,DEU
2020,Germany,0.144877925813982,FP.CPI.TOTL.ZG,DEU
2020,Germany,3.881,SL.UEM.TOTL.ZS,DEU
2020,Germany,6.34985102790796,BN.CAB.XOKA.GD.ZS,DEU
2021,Germany,3.6699998840452,NY.GDP.MKTP.KD.ZG,DEU
2021,Germany,3.06666666666673,FP.CPI.TOTL.ZG,DEU
2021,Germany,3.594,SL.UEM.TOTL.ZS,DEU
2021,Germany,6.93113737824586,BN.CAB.XOKA.GD.ZS,DEU
2022,Germany,1.36973104612758,NY.GDP.MKTP.KD.ZG,DEU
2022,Germany,6.87257438551097,FP.CPI.TOTL.ZG,DEU
2022,Germany,3.12,SL.UEM.TOTL.ZS,DEU
2022,Germany,3.88506689580802,BN.CAB.XOKA.GD.ZS,DEU
2023,Germany,-0.266438401180253,NY.GDP.MKTP.KD.ZG,DEU
2023,Germany,5.94643667725823,FP.CPI.TOTL.ZG,DEU
2023,Germany,3.068,SL.UEM.TOTL.ZS,DEU
2023,Germany,5.55668585897884,BN.CAB.XOKA.GD.ZS,DEU
2024,Germany,-0.238526858256165,NY.GDP.MKTP.KD.ZG,DEU
2024,Germany,2.2564981433876,FP.CPI.TOTL.ZG,DEU
2024,Germany,3.406,SL.UEM.TOTL.ZS,DEU
2024,Germany,5.73091235034847,BN.CAB.XOKA.GD.ZS,DEU
2000,India,3.84099115659129,NY.GDP.MKTP.KD.ZG,IND
2000,India,4.0094359104519,FP.CPI.TOTL.ZG,IND
2000,India,7.624,SL.UEM.TOTL.ZS,IND
2000,India,55.0042464964554,GC.DOD.TOTL.GD.ZS,IND
2000,India,-0.982342580017138,BN.CAB.XOKA.GD.ZS,IND
2001,India,4.82396626555771,NY.GDP.MKTP.KD.ZG,IND
2001,India,3.77929312235637,FP.CPI.TOTL.ZG,IND
2001,India,7.653,SL.UEM.TOTL.ZS,IND
2001,India,59.0179097968845,GC.DOD.TOTL.GD.ZS,IND
2001,India,0.290495460210207,BN.CAB.XOKA.GD.ZS,IND
2002,India,3.80397532112175,NY.GDP.MKTP.KD.ZG,IND
2002,India,4.29715203929563,FP.CPI.TOTL.ZG,IND
2002,India,7.753,SL.UEM.TOTL.ZS,IND
2002,India,62.5527712945573,GC.DOD.TOTL.GD.ZS,IND
2002,India,1.37093793900847,BN.CAB.XOKA.GD.ZS,IND
2003,India,7.8603814759073,NY.GDP.MKTP.KD.ZG,IND
2003,India,3.80585899528851,FP.CPI.TOTL.ZG,IND
2003,India,7.68,SL.UEM.TOTL.ZS,IND
2003,India,62.1900538960464,GC.DOD.TOTL.GD.ZS,IND
2003,India,1.44355773291234,BN.CAB.XOKA.GD.ZS,IND
2004,India,7.92293661199932,NY.GDP.MKTP.KD.ZG,IND
2004,India,3.76725173477515,FP.CPI.TOTL.ZG,IND
2004,India,7.625,SL.UEM.TOTL.ZS,IND
2004,India,62.5929767433885,GC.DOD.TOTL.GD.ZS,IND
2004,India,0.110018010197153,BN.CAB.XOKA.GD.ZS,IND
2005,India,7.92343062148318,NY.GDP.MKTP.KD.ZG,IND
2005,India,4.24634362031922,FP.CPI.TOTL.ZG,IND
2005,India,7.552,SL.UEM.TOTL.ZS,IND
2005,India,62.2265261001737,GC.DOD.TOTL.GD.ZS,IND
2005,India,-1.25350400207393,BN.CAB.XOKA.GD.ZS,IND
2006,India,8.06073257166651,NY.GDP.MKTP.KD.ZG,IND
2006,India,5.79652337561634,FP.CPI.TOTL.ZG,IND
2006,India,7.552,SL.UEM.TOTL.ZS,IND
2006,India,59.6667302762217,GC.DOD.TOTL.GD.ZS,IND
2006,India,-0.988988302952292,BN.CAB.XOKA.GD.ZS,IND
2007,India,7.6608150670107,NY.GDP.MKTP.KD.ZG,IND
2007,India,6.37288135593231,FP.CPI.TOTL.ZG,IND
2007,India,7.561,SL.UEM.TOTL.ZS,IND
2007,India,57.4975363892468,GC.DOD.TOTL.GD.ZS,IND
2007,India,-0.66371764877261,BN.CAB.XOKA.GD.ZS,IND
2008,India,3.08669805921981,NY.GDP.MKTP.KD.ZG,IND
2008,India,8.34926704907581,FP.CPI.TOTL.ZG,IND
2008,India,7.656,SL.UEM.TOTL.ZS,IND
2008,India,57.2922142809949,GC.DOD.TOTL.GD.ZS,IND
2008,India,-2.58337749259838,BN.CAB.XOKA.GD.ZS,IND
2009,India,7.86188883286074,NY.GDP.MKTP.KD.ZG,IND
2009,India,10.8823529411764,FP.CPI.TOTL.ZG,IND
2009,India,7.664,SL.UEM.TOTL.ZS,IND
2009,India,55.2564461117969,GC.DOD.TOTL.GD.ZS,IND
2009,India,-1.95146209111802,BN.CAB.XOKA.GD.ZS,IND
2010,India,8.49758470221235,NY.GDP.MKTP.KD.ZG,IND
2010,India,11.9893899204244,FP.CPI.TOTL.ZG,IND
2010,India,7.652,SL.UEM.TOTL.ZS,IND
2010,India,51.5919103003897,GC.DOD.TOTL.GD.ZS,IND
2010,India,-3.25348368945179,BN.CAB.XOKA.GD.ZS,IND
2011,India,5.24131619937695,NY.GDP.MKTP.KD.ZG,IND
2011,India,8.91179336483371,FP.CPI.TOTL.ZG,IND
2011,India,7.616,SL.UEM.TOTL.ZS,IND
2011,India,51.5565536600977,GC.DOD.TOTL.GD.ZS,IND
2011,India,-3.42928468606061,BN.CAB.XOKA.GD.ZS,IND
2012,India,5.45638755166587,NY.GDP.MKTP.KD.ZG,IND
2012,India,9.47899691419801,FP.CPI.TOTL.ZG,IND
2012,India,7.666,SL.UEM.TOTL.ZS,IND
2012,India,50.6780305618952,GC.DOD.TOTL.GD.ZS,IND
2012,India,-5.00488971805303,BN.CAB.XOKA.GD.ZS,IND
2013,India,6.38610640094825,NY.GDP.MKTP.KD.ZG,IND
2013,India,10.0178784746102,FP.CPI.TOTL.ZG,IND
2013,India,7.711,SL.UEM.TOTL.ZS,IND
2013,India,50.3118273627008,GC.DOD.TOTL.GD.ZS,IND
2013,India,-2.64566711733892,BN.CAB.XOKA.GD.ZS,IND
2014,India,7.41022760508854,NY.GDP.MKTP.KD.ZG,IND
2014,India,6.66565671867899,FP.CPI.TOTL.ZG,IND
2014,India,7.674,SL.UEM.TOTL.ZS,IND
2014,India,49.9009248748319,GC.DOD.TOTL.GD.ZS,IND
2014,India,-1.33950896483453,BN.CAB.XOKA.GD.ZS,IND
2015,India,7.99625378571471,NY.GDP.MKTP.KD.ZG,IND
2015,India,4.90697344127256,FP.CPI.TOTL.ZG,IND
2015,India,7.631,SL.UEM.TOTL.ZS,IND
2015,India,49.9647183856551,GC.DOD.TOTL.GD.ZS,IND
2015,India,-1.06754907167965,BN.CAB.XOKA.GD.ZS,IND
2016,India,8.25630550179086,NY.GDP.MKTP.KD.ZG,IND
2016,India,4.94821634062141,FP.CPI.TOTL.ZG,IND
2016,India,7.601,SL.UEM.TOTL.ZS,IND
2016,India,47.6337555915272,GC.DOD.TOTL.GD.ZS,IND
2016,India,-0.52788060603752,BN.CAB.XOKA.GD.ZS,IND
2017,India,6.79538341897911,NY.GDP.MKTP.KD.ZG,IND
2017,India,3.32817337461298,FP.CPI.TOTL.ZG,IND
2017,India,7.618,SL.UEM.TOTL.ZS,IND
2017,India,47.5836093800197,GC.DOD.TOTL.GD.ZS,IND
2017,India,-1.43948820320989,BN.CAB.XOKA.GD.ZS,IND
2018,India,6.45385134497769,NY.GDP.MKTP.KD.ZG,IND
2018,India,3.9388264669163,FP.CPI.TOTL.ZG,IND
2018,India,7.652,SL.UEM.TOTL.ZS,IND
2018,India,46.5224986659322,GC.DOD.TOTL.GD.ZS,IND
2018,India,-2.42697545810527,BN.CAB.XOKA.GD.ZS,IND
2019,India,3.87143694070356,NY.GDP.MKTP.KD.ZG,IND
2019,India,3.72950573539129,FP.CPI.TOTL.ZG,IND
2019,India,6.51,SL.UEM.TOTL.ZS,IND
2019,India,,GC.DOD.TOTL.GD.ZS,IND
2019,India,-1.04961203910072,BN.CAB.XOKA.GD.ZS,IND
2020,India,-5.77772470686801,NY.GDP.MKTP.KD.ZG,IND
2020,India,6.62343677628535,FP.CPI.TOTL.ZG,IND
2020,India,7.859,SL.UEM.TOTL.ZS,IND
2020,India,,GC.DOD.TOTL.GD.ZS,IND
2020,India,1.22362111042791,BN.CAB.XOKA.GD.ZS,IND
2021,India,9.68959249192875,NY.GDP.MKTP.KD.ZG,IND
2021,India,5.13140747176369,FP.CPI.TOTL.ZG,IND
2021,India,6.38,SL.UEM.TOTL.ZS,IND
2021,India,,GC.DOD.TOTL.GD.ZS,IND
2021,India,-1.05524166809383,BN.CAB.XOKA.GD.ZS,IND
2022,India,7.60936497768895,NY.GDP.MKTP.KD.ZG,IND
2022,India,6.69903414079852,FP.CPI.TOTL.ZG,IND
2022,India,4.822,SL.UEM.TOTL.ZS,IND
2022,India,,GC.DOD.TOTL.GD.ZS,IND
2022,India,-2.36247481487452,BN.CAB.XOKA.GD.ZS,IND
2023,India,9.19075493028345,NY.GDP.MKTP.KD.ZG,IND
2023,India,5.64914318907925,FP.CPI.TOTL.ZG,IND
2023,India,4.172,SL.UEM.TOTL.ZS,IND
2023,India,,GC.DOD.TOTL.GD.ZS,IND
2023,India,-0.878449448896405,BN.CAB.XOKA.GD.ZS,IND
2024,India,6.48422363033757,NY.GDP.MKTP.KD.ZG,IND
2024,India,4.95303550973656,FP.CPI.TOTL.ZG,IND
2024,India,4.202,SL.UEM.TOTL.ZS,IND
2024,India,,GC.DOD.TOTL.GD.ZS,IND
2024,India,-0.828801355740078,BN.CAB.XOKA.GD.ZS,IND
2000,Italy,3.88209885062652,NY.GDP.MKTP.KD.ZG,ITA
2000,Italy,2.53768532095002,FP.CPI.TOTL.ZG,ITA
2000,Italy,10.834,SL.UEM.TOTL.ZS,ITA
2000,Italy,-0.270230356072507,BN.CAB.XOKA.GD.ZS,ITA
2001,Italy,2.00643329837733,NY.GDP.MKTP.KD.ZG,ITA
2001,Italy,2.78516542713554,FP.CPI.TOTL.ZG,ITA
2001,Italy,9.599,SL.UEM.TOTL.ZS,ITA
2001,Italy,0.15478537448926,BN.CAB.XOKA.GD.ZS,ITA
2002,Italy,0.26992966378873,NY.GDP.MKTP.KD.ZG,ITA
2002,Italy,2.46532319171165,FP.CPI.TOTL.ZG,ITA
2002,Italy,9.211,SL.UEM.TOTL.ZS,ITA
2002,Italy,-0.489738960441859,BN.CAB.XOKA.GD.ZS,ITA
2003,Italy,0.0665538088732092,NY.GDP.MKTP.KD.ZG,ITA
2003,Italy,2.6725555277285,FP.CPI.TOTL.ZG,ITA
2003,Italy,8.869,SL.UEM.TOTL.ZS,ITA
2003,Italy,-0.766212290849885,BN.CAB.XOKA.GD.ZS,ITA
2004,Italy,1.4740217064723,NY.GDP.MKTP.KD.ZG,ITA
2004,Italy,2.20673661423657,FP.CPI.TOTL.ZG,ITA
2004,Italy,7.866,SL.UEM.TOTL.ZS,ITA
2004,Italy,-0.4953081424742,BN.CAB.XOKA.GD.ZS,ITA
2005,Italy,0.762410677306491,NY.GDP.MKTP.KD.ZG,ITA
2005,Italy,1.9852929852798,FP.CPI.TOTL.ZG,ITA
2005,Italy,7.73,SL.UEM.TOTL.ZS,ITA
2005,Italy,-0.896244191801555,BN.CAB.XOKA.GD.ZS,ITA
2006,Italy,1.79947992234244,NY.GDP.MKTP.KD.ZG,ITA
2006,Italy,2.09084391012754,FP.CPI.TOTL.ZG,ITA
2006,Italy,6.777,SL.UEM.TOTL.ZS,ITA
2006,Italy,-1.44603855867144,BN.CAB.XOKA.GD.ZS,ITA
2007,Italy,1.46229205289291,NY.GDP.MKTP.KD.ZG,ITA
2007,Italy,1.82974112202403,FP.CPI.TOTL.ZG,ITA
2007,Italy,6.076,SL.UEM.TOTL.ZS,ITA
2007,Italy,-1.35566295251184,BN.CAB.XOKA.GD.ZS,ITA
2008,Italy,-1.02313851177097,NY.GDP.MKTP.KD.ZG,ITA
2008,Italy,3.34783258401022,FP.CPI.TOTL.ZG,ITA
2008,Italy,6.723,SL.UEM.TOTL.ZS,ITA
2008,Italy,-2.68669173430211,BN.CAB.XOKA.GD.ZS,ITA
2009,Italy,-5.30515401233991,NY.GDP.MKTP.KD.ZG,ITA
2009,Italy,0.774768131387381,FP.CPI.TOTL.ZG,ITA
2009,Italy,7.749,SL.UEM.TOTL.ZS,ITA
2009,Italy,-1.77411764067094,BN.CAB.XOKA.GD.ZS,ITA
2010,Italy,1.52910573247101,NY.GDP.MKTP.KD.ZG,ITA
2010,Italy,1.52551602118248,FP.CPI.TOTL.ZG,ITA
2010,Italy,8.363,SL.UEM.TOTL.ZS,ITA
2010,Italy,-3.24412215335914,BN.CAB.XOKA.GD.ZS,ITA
2011,Italy,0.695463154440176,NY.GDP.MKTP.KD.ZG,ITA
2011,Italy,2.78063272879323,FP.CPI.TOTL.ZG,ITA
2011,Italy,8.359,SL.UEM.TOTL.ZS,ITA
2011,Italy,-2.74163808728921,BN.CAB.XOKA.GD.ZS,ITA
2012,Italy,-3.12523877282996,NY.GDP.MKTP.KD.ZG,ITA
2012,Italy,3.04136333226775,FP.CPI.TOTL.ZG,ITA
2012,Italy,10.655,SL.UEM.TOTL.ZS,ITA
2012,Italy,-0.215238993496647,BN.CAB.XOKA.GD.ZS,ITA
2013,Italy,-1.81802510749792,NY.GDP.MKTP.KD.ZG,ITA
2013,Italy,1.21999342274306,FP.CPI.TOTL.ZG,ITA
2013,Italy,12.149,SL.UEM.TOTL.ZS,ITA
2013,Italy,1.03825599780866,BN.CAB.XOKA.GD.ZS,ITA
2014,Italy,-0.00138761730454462,NY.GDP.MKTP.KD.ZG,ITA
2014,Italy,0.241047429826756,FP.CPI.TOTL.ZG,ITA
2014,Italy,12.683,SL.UEM.TOTL.ZS,ITA
2014,Italy,1.70979552518119,BN.CAB.XOKA.GD.ZS,ITA
2015,Italy,0.885667635240807,NY.GDP.MKTP.KD.ZG,ITA
2015,Italy,0.0387903996579733,FP.CPI.TOTL.ZG,ITA
2015,Italy,11.896,SL.UEM.TOTL.ZS,ITA
2015,Italy,1.23326652485505,BN.CAB.XOKA.GD.ZS,ITA
2016,Italy,1.23622108511661,NY.GDP.MKTP.KD.ZG,ITA
2016,Italy,-0.09401665691575,FP.CPI.TOTL.ZG,ITA
2016,Italy,11.688,SL.UEM.TOTL.ZS,ITA
2016,Italy,2.46140246001819,BN.CAB.XOKA.GD.ZS,ITA
2017,Italy,1.60369995294101,NY.GDP.MKTP.KD.ZG,ITA
2017,Italy,1.22653316645812,FP.CPI.TOTL.ZG,ITA
2017,Italy,11.211,SL.UEM.TOTL.ZS,ITA
2017,Italy,2.47968309636806,BN.CAB.XOKA.GD.ZS,ITA
2018,Italy,0.826646712344115,NY.GDP.MKTP.KD.ZG,ITA
2018,Italy,1.13748763600391,FP.CPI.TOTL.ZG,ITA
2018,Italy,10.61,SL.UEM.TOTL.ZS,ITA
2018,Italy,2.57144669559437,BN.CAB.XOKA.GD.ZS,ITA
2019,Italy,0.429162533780342,NY.GDP.MKTP.KD.ZG,ITA
2019,Italy,0.611246943765304,FP.CPI.TOTL.ZG,ITA
2019,Italy,9.951,SL.UEM.TOTL.ZS,ITA
2019,Italy,3.23388196417885,BN.CAB.XOKA.GD.ZS,ITA
2020,Italy,-8.86822122185345,NY.GDP.MKTP.KD.ZG,ITA
2020,Italy,-0.13770757391651,FP.CPI.TOTL.ZG,ITA
2020,Italy,9.164,SL.UEM.TOTL.ZS,ITA
2020,Italy,3.9369545603398,BN.CAB.XOKA.GD.ZS,ITA
2021,Italy,8.93106210800055,NY.GDP.MKTP.KD.ZG,ITA
2021,Italy,1.87378325762481,FP.CPI.TOTL.ZG,ITA
2021,Italy,9.497,SL.UEM.TOTL.ZS,ITA
2021,Italy,2.1243004153607,BN.CAB.XOKA.GD.ZS,ITA
2022,Italy,4.82117669913565,NY.GDP.MKTP.KD.ZG,ITA
2022,Italy,8.20128991161718,FP.CPI.TOTL.ZG,ITA
2022,Italy,8.069,SL.UEM.TOTL.ZS,ITA
2022,Italy,-1.72642752142058,BN.CAB.XOKA.GD.ZS,ITA
2023,Italy,0.715372500867531,NY.GDP.MKTP.KD.ZG,ITA
2023,Italy,5.62219442195901,FP.CPI.TOTL.ZG,ITA
2023,Italy,7.627,SL.UEM.TOTL.ZS,ITA
2023,Italy,0.141483235698338,BN.CAB.XOKA.GD.ZS,ITA
2024,Italy,0.725792380234424,NY.GDP.MKTP.KD.ZG,ITA
2024,Italy,0.982373023061417,FP.CPI.TOTL.ZG,ITA
2024,Italy,6.778,SL.UEM.TOTL.ZS,ITA
2024,Italy,1.1277967732789,BN.CAB.XOKA.GD.ZS,ITA
2000,United States,4.07758576006954,NY.GDP.MKTP.KD.ZG,USA
2000,United States,3.37685727149929,FP.CPI.TOTL.ZG,USA
2000,United States,3.992,SL.UEM.TOTL.ZS,USA
2000,United States,33.2676418736523,GC.DOD.TOTL.GD.ZS,USA
2000,United States,-3.92088461637514,BN.CAB.XOKA.GD.ZS,USA
2001,United States,0.95553834188668,NY.GDP.MKTP.KD.ZG,USA
2001,United States,2.82617111885407,FP.CPI.TOTL.ZG,USA
2001,United States,4.731,SL.UEM.TOTL.ZS,USA
2001,United States,52.4436801645522,GC.DOD.TOTL.GD.ZS,USA
2001,United States,-3.72407526075822,BN.CAB.XOKA.GD.ZS,USA
2002,United States,1.7004473278454,NY.GDP.MKTP.KD.ZG,USA
2002,United States,1.58603162650601,FP.CPI.TOTL.ZG,USA
2002,United States,5.783,SL.UEM.TOTL.ZS,USA
2002,United States,53.8625384615103,GC.DOD.TOTL.GD.ZS,USA
2002,United States,-4.17334150234402,BN.CAB.XOKA.GD.ZS,USA
2003,United States,2.79560596521233,NY.GDP.MKTP.KD.ZG,USA
2003,United States,2.27009497336115,FP.CPI.TOTL.ZG,USA
2003,United States,5.989,SL.UEM.TOTL.ZS,USA
2003,United States,56.2503655146228,GC.DOD.TOTL.GD.ZS,USA
2003,United States,-4.55897769378821,BN.CAB.XOKA.GD.ZS,USA
2004,United States,3.84777169424153,NY.GDP.MKTP.KD.ZG,USA
2004,United States,2.67723669309172,FP.CPI.TOTL.ZG,USA
2004,United States,5.529,SL.UEM.TOTL.ZS,USA
2004,United States,56.6622734054524,GC.DOD.TOTL.GD.ZS,USA
2004,United States,-5.20485224269137,BN.CAB.XOKA.GD.ZS,USA
2005,United States,3.48354993544559,NY.GDP.MKTP.KD.ZG,USA
2005,United States,3.3927468454955,FP.CPI.TOTL.ZG,USA
2005,United States,5.084,SL.UEM.TOTL.ZS,USA
2005,United States,56.5388574158363,GC.DOD.TOTL.GD.ZS,USA
2005,United States,-5.74598267055862,BN.CAB.XOKA.GD.ZS,USA
2006,United States,2.78453963817891,NY.GDP.MKTP.KD.ZG,USA
2006,United States,3.22594410070404,FP.CPI.TOTL.ZG,USA
2006,United States,4.623,SL.UEM.TOTL.ZS,USA
2006,United States,55.46735161303,GC.DOD.TOTL.GD.ZS,USA
2006,United States,-5.91102091022869,BN.CAB.XOKA.GD.ZS,USA
2007,United States,2.00385829909158,NY.GDP.MKTP.KD.ZG,USA
2007,United States,2.85267248150138,FP.CPI.TOTL.ZG,USA
2007,United States,4.622,SL.UEM.TOTL.ZS,USA
2007,United States,55.6599218970435,GC.DOD.TOTL.GD.ZS,USA
2007,United States,-5.08872735734161,BN.CAB.XOKA.GD.ZS,USA
2008,United States,0.113587248160997,NY.GDP.MKTP.KD.ZG,USA
2008,United States,3.839100296651,FP.CPI.TOTL.ZG,USA
2008,United States,5.784,SL.UEM.TOTL.ZS,USA
2008,United States,63.8151121520296,GC.DOD.TOTL.GD.ZS,USA
2008,United States,-4.71585990444596,BN.CAB.XOKA.GD.ZS,USA
2009,United States,-2.57650023225001,NY.GDP.MKTP.KD.ZG,USA
2009,United States,-0.355546266299747,FP.CPI.TOTL.ZG,USA
2009,United States,9.254,SL.UEM.TOTL.ZS,USA
2009,United States,75.8420374764117,GC.DOD.TOTL.GD.ZS,USA
2009,United States,-2.62283632200348,BN.CAB.XOKA.GD.ZS,USA
2010,United States,2.69519258234851,NY.GDP.MKTP.KD.ZG,USA
2010,United States,1.6400434423899,FP.CPI.TOTL.ZG,USA
2010,United States,9.633,SL.UEM.TOTL.ZS,USA
2010,United States,84.9643739761343,GC.DOD.TOTL.GD.ZS,USA
2010,United States,-2.87064145448882,BN.CAB.XOKA.GD.ZS,USA
2011,United States,1.56440685537306,NY.GDP.MKTP.KD.ZG,USA
2011,United States,3.156841568622,FP.CPI.TOTL.ZG,USA
2011,United States,8.949,SL.UEM.TOTL.ZS,USA
2011,United States,89.5467947782693,GC.DOD.TOTL.GD.ZS,USA
2011,United States,-2.91862065322661,BN.CAB.XOKA.GD.ZS,USA
2012,United States,2.289113386319,NY.GDP.MKTP.KD.ZG,USA
2012,United States,2.06933726526067,FP.CPI.TOTL.ZG,USA
2012,United States,8.069,SL.UEM.TOTL.ZS,USA
2012,United States,93.6492746079881,GC.DOD.TOTL.GD.ZS,USA
2012,United States,-2.57236847367136,BN.CAB.XOKA.GD.ZS,USA
2013,United States,2.11783009786468,NY.GDP.MKTP.KD.ZG,USA
2013,United States,1.46483265562717,FP.CPI.TOTL.ZG,USA
2013,United States,7.375,SL.UEM.TOTL.ZS,USA
2013,United States,95.3225056118879,GC.DOD.TOTL.GD.ZS,USA
2013,United States,-2.01090797096302,BN.CAB.XOKA.GD.ZS,USA
2014,United States,2.52381981372621,NY.GDP.MKTP.KD.ZG,USA
2014,United States,1.62222297740817,FP.CPI.TOTL.ZG,USA
2014,United States,6.168,SL.UEM.TOTL.ZS,USA
2014,United States,95.454198507531,GC.DOD.TOTL.GD.ZS,USA
2014,United States,-2.10117617206317,BN.CAB.XOKA.GD.ZS,USA
2015,United States,2.94555045599772,NY.GDP.MKTP.KD.ZG,USA
2015,United States,0.118627135552451,FP.CPI.TOTL.ZG,USA
2015,United States,5.28,SL.UEM.TOTL.ZS,USA
2015,United States,95.9561561537597,GC.DOD.TOTL.GD.ZS,USA
2015,United States,-2.2325584903738,BN.CAB.XOKA.GD.ZS,USA
2016,United States,1.81945147620522,NY.GDP.MKTP.KD.ZG,USA
2016,United States,1.26158320570536,FP.CPI.TOTL.ZG,USA
2016,United States,4.869,SL.UEM.TOTL.ZS,USA
2016,United States,97.9289348480368,GC.DOD.TOTL.GD.ZS,USA
2016,United States,-2.10699725119707,BN.CAB.XOKA.GD.ZS,USA
2017,United States,2.45762230175086,NY.GDP.MKTP.KD.ZG,USA
2017,United States,2.13011000365961,FP.CPI.TOTL.ZG,USA
2017,United States,4.355,SL.UEM.TOTL.ZS,USA
2017,United States,97.021634906855,GC.DOD.TOTL.GD.ZS,USA
2017,United States,-1.87442427129943,BN.CAB.XOKA.GD.ZS,USA
2018,United States,2.96650506916596,NY.GDP.MKTP.KD.ZG,USA
2018,United States,2.44258329692817,FP.CPI.TOTL.ZG,USA
2018,United States,3.896,SL.UEM.TOTL.ZS,USA
2018,United States,98.4497724592085,GC.DOD.TOTL.GD.ZS,USA
2018,United States,-2.12935714812701,BN.CAB.XOKA.GD.ZS,USA
2019,United States,2.58382533018889,NY.GDP.MKTP.KD.ZG,USA
2019,United States,1.81221007526021,FP.CPI.TOTL.ZG,USA
2019,United States,3.669,SL.UEM.TOTL.ZS,USA
2019,United States,100.058217318845,GC.DOD.TOTL.GD.ZS,USA
2019,United States,-2.05082808332895,BN.CAB.XOKA.GD.ZS,USA
2020,United States,-2.16302913866512,NY.GDP.MKTP.KD.ZG,USA
2020,United States,1.23358439630629,FP.CPI.TOTL.ZG,USA
2020,United States,8.055,SL.UEM.TOTL.ZS,USA
2020,United States,124.514696354635,GC.DOD.TOTL.GD.ZS,USA
2020,United States,-2.81541652061746,BN.CAB.XOKA.GD.ZS,USA
2021,United States,6.05505293304556,NY.GDP.MKTP.KD.ZG,USA
2021,United States,4.69785886363742,FP.CPI.TOTL.ZG,USA
2021,United States,5.349,SL.UEM.TOTL.ZS,USA
2021,United States,118.400948162572,GC.DOD.TOTL.GD.ZS,USA
2021,United States,-3.66529172058257,BN.CAB.XOKA.GD.ZS,USA
2022,United States,2.5123753198332,NY.GDP.MKTP.KD.ZG,USA
2022,United States,8.00279982052121,FP.CPI.TOTL.ZG,USA
2022,United States,3.65,SL.UEM.TOTL.ZS,USA
2022,United States,112.817613391957,GC.DOD.TOTL.GD.ZS,USA
2022,United States,-3.8916721040072,BN.CAB.XOKA.GD.ZS,USA
2023,United States,2.88755600905984,NY.GDP.MKTP.KD.ZG,USA
2023,United States,4.11633838374488,FP.CPI.TOTL.ZG,USA
2023,United States,3.638,SL.UEM.TOTL.ZS,USA
2023,United States,114.755553330184,GC.DOD.TOTL.GD.ZS,USA
2023,United States,-3.26607086420481,BN.CAB.XOKA.GD.ZS,USA
2024,United States,2.79619035621393,NY.GDP.MKTP.KD.ZG,USA
2024,United States,2.94952520485207,FP.CPI.TOTL.ZG,USA
2024,United States,4.106,SL.UEM.TOTL.ZS,USA
2024,United States,,GC.DOD.TOTL.GD.ZS,USA
2024,United States,-3.88426682437385,BN.CAB.XOKA.GD.ZS,USA
2000,South Africa,4.20000000067826,NY.GDP.MKTP.KD.ZG,ZAF
2000,South Africa,5.33895913599828,FP.CPI.TOTL.ZG,ZAF
2000,South Africa,22.714,SL.UEM.TOTL.ZS,ZAF
2000,South Africa,39.6390583837328,GC.DOD.TOTL.GD.ZS,ZAF
2000,South Africa,-0.125570459653347,BN.CAB.XOKA.GD.ZS,ZAF
2001,South Africa,2.70000000019104,NY.GDP.MKTP.KD.ZG,ZAF
2001,South Africa,5.70189483049608,FP.CPI.TOTL.ZG,ZAF
2001,South Africa,22.605,SL.UEM.TOTL.ZS,ZAF
2001,South Africa,,GC.DOD.TOTL.GD.ZS,ZAF
2001,South Africa,0.253001084795547,BN.CAB.XOKA.GD.ZS,ZAF
2002,South Africa,3.70037440406668,NY.GDP.MKTP.KD.ZG,ZAF
2002,South Africa,9.494713780996,FP.CPI.TOTL.ZG,ZAF
2002,South Africa,22.547,SL.UEM.TOTL.ZS,ZAF
2002,South Africa,,GC.DOD.TOTL.GD.ZS,ZAF
2002,South Africa,0.781937464700479,BN.CAB.XOKA.GD.ZS,ZAF
2003,South Africa,2.94907546754213,NY.GDP.MKTP.KD.ZG,ZAF
2003,South Africa,5.67942414068799,FP.CPI.TOTL.ZG,ZAF
2003,South Africa,22.629,SL.UEM.TOTL.ZS,ZAF
2003,South Africa,,GC.DOD.TOTL.GD.ZS,ZAF
2003,South Africa,-0.782449992267883,BN.CAB.XOKA.GD.ZS,ZAF
2004,South Africa,4.55455990721774,NY.GDP.MKTP.KD.ZG,ZAF
2004,South Africa,-0.692039437857687,FP.CPI.TOTL.ZG,ZAF
2004,South Africa,22.538,SL.UEM.TOTL.ZS,ZAF
2004,South Africa,,GC.DOD.TOTL.GD.ZS,ZAF
2004,South Africa,-2.50726120703613,BN.CAB.XOKA.GD.ZS,ZAF
2005,South Africa,5.27705197295467,NY.GDP.MKTP.KD.ZG,ZAF
2005,South Africa,2.06285308223427,FP.CPI.TOTL.ZG,ZAF
2005,South Africa,22.461,SL.UEM.TOTL.ZS,ZAF
2005,South Africa,,GC.DOD.TOTL.GD.ZS,ZAF
2005,South Africa,-2.7747758989594,BN.CAB.XOKA.GD.ZS,ZAF
2006,South Africa,5.60380645895889,NY.GDP.MKTP.KD.ZG,ZAF
2006,South Africa,3.2439076541923,FP.CPI.TOTL.ZG,ZAF
2006,South Africa,22.324,SL.UEM.TOTL.ZS,ZAF
2006,South Africa,,GC.DOD.TOTL.GD.ZS,ZAF
2006,South Africa,-4.00012427594728,BN.CAB.XOKA.GD.ZS,ZAF
2007,South Africa,5.36047405394162,NY.GDP.MKTP.KD.ZG,ZAF
2007,South Africa,6.17781214809388,FP.CPI.TOTL.ZG,ZAF
2007,South Africa,22.287,SL.UEM.TOTL.ZS,ZAF
2007,South Africa,,GC.DOD.TOTL.GD.ZS,ZAF
2007,South Africa,-4.86189160706926,BN.CAB.XOKA.GD.ZS,ZAF
2008,South Africa,3.1910438863288,NY.GDP.MKTP.KD.ZG,ZAF
2008,South Africa,9.90998456005467,FP.CPI.TOTL.ZG,ZAF
2008,South Africa,22.407,SL.UEM.TOTL.ZS,ZAF
2008,South Africa,,GC.DOD.TOTL.GD.ZS,ZAF
2008,South Africa,-5.1861810846768,BN.CAB.XOKA.GD.ZS,ZAF
2009,South Africa,-1.53808913525583,NY.GDP.MKTP.KD.ZG,ZAF
2009,South Africa,7.23809523809527,FP.CPI.TOTL.ZG,ZAF
2009,South Africa,23.523,SL.UEM.TOTL.ZS,ZAF
2009,South Africa,,GC.DOD.TOTL.GD.ZS,ZAF
2009,South Africa,-2.38458187361532,BN.CAB.XOKA.GD.ZS,ZAF
2010,South Africa,3.03973288127956,NY.GDP.MKTP.KD.ZG,ZAF
2010,South Africa,4.06749555950263,FP.CPI.TOTL.ZG,ZAF
2010,South Africa,24.683,SL.UEM.TOTL.ZS,ZAF
2010,South Africa,,GC.DOD.TOTL.GD.ZS,ZAF
2010,South Africa,-1.29901805615596,BN.CAB.XOKA.GD.ZS,ZAF
2011,South Africa,3.16855627858818,NY.GDP.MKTP.KD.ZG,ZAF
2011,South Africa,5.0008533879502,FP.CPI.TOTL.ZG,ZAF
2011,South Africa,24.639,SL.UEM.TOTL.ZS,ZAF
2011,South Africa,,GC.DOD.TOTL.GD.ZS,ZAF
2011,South Africa,-2.01967628513274,BN.CAB.XOKA.GD.ZS,ZAF
2012,South Africa,2.39623238465745,NY.GDP.MKTP.KD.ZG,ZAF
2012,South Africa,5.73797139141739,FP.CPI.TOTL.ZG,ZAF
2012,South Africa,24.727,SL.UEM.TOTL.ZS,ZAF
2012,South Africa,,GC.DOD.TOTL.GD.ZS,ZAF
2012,South Africa,-4.68373643403848,BN.CAB.XOKA.GD.ZS,ZAF
2013,South Africa,2.48546800826588,NY.GDP.MKTP.KD.ZG,ZAF
2013,South Africa,5.78016910069176,FP.CPI.TOTL.ZG,ZAF
2013,South Africa,24.561,SL.UEM.TOTL.ZS,ZAF
2013,South Africa,,GC.DOD.TOTL.GD.ZS,ZAF
2013,South Africa,-5.33837274756911,BN.CAB.XOKA.GD.ZS,ZAF
2014,South Africa,1.41382645223793,NY.GDP.MKTP.KD.ZG,ZAF
2014,South Africa,6.13282953059149,FP.CPI.TOTL.ZG,ZAF
2014,South Africa,24.89,SL.UEM.TOTL.ZS,ZAF
2014,South Africa,,GC.DOD.TOTL.GD.ZS,ZAF
2014,South Africa,-4.81243259488483,BN.CAB.XOKA.GD.ZS,ZAF
2015,South Africa,1.32186223678229,NY.GDP.MKTP.KD.ZG,ZAF
2015,South Africa,4.51869094892506,FP.CPI.TOTL.ZG,ZAF
2015,South Africa,25.149,SL.UEM.TOTL.ZS,ZAF
2015,South Africa,52.6511572360833,GC.DOD.TOTL.GD.ZS,ZAF
2015,South Africa,-4.31028688643788,BN.CAB.XOKA.GD.ZS,ZAF
2016,South Africa,0.664552307858116,NY.GDP.MKTP.KD.ZG,ZAF
2016,South Africa,6.60290842394872,FP.CPI.TOTL.ZG,ZAF
2016,South Africa,26.536,SL.UEM.TOTL.ZS,ZAF
2016,South Africa,53.7387913884354,GC.DOD.TOTL.GD.ZS,ZAF
2016,South Africa,-2.63361451678798,BN.CAB.XOKA.GD.ZS,ZAF
2017,South Africa,1.15794695181735,NY.GDP.MKTP.KD.ZG,ZAF
2017,South Africa,5.18618655524149,FP.CPI.TOTL.ZG,ZAF
2017,South Africa,27.035,SL.UEM.TOTL.ZS,ZAF
2017,South Africa,56.2597208390879,GC.DOD.TOTL.GD.ZS,ZAF
2017,South Africa,-2.37436753188649,BN.CAB.XOKA.GD.ZS,ZAF
2018,South Africa,1.55678384721676,NY.GDP.MKTP.KD.ZG,ZAF
2018,South Africa,4.50987264867388,FP.CPI.TOTL.ZG,ZAF
2018,South Africa,26.906,SL.UEM.TOTL.ZS,ZAF
2018,South Africa,59.1023114070608,GC.DOD.TOTL.GD.ZS,ZAF
2018,South Africa,-3.00051939426576,BN.CAB.XOKA.GD.ZS,ZAF
2019,South Africa,0.25993557687633,NY.GDP.MKTP.KD.ZG,ZAF
2019,South Africa,4.10285075461156,FP.CPI.TOTL.ZG,ZAF
2019,South Africa,28.468,SL.UEM.TOTL.ZS,ZAF
2019,South Africa,64.5892781351104,GC.DOD.TOTL.GD.ZS,ZAF
2019,South Africa,-2.6199906748304,BN.CAB.XOKA.GD.ZS,ZAF
2020,South Africa,-6.1689177146757,NY.GDP.MKTP.KD.ZG,ZAF
2020,South Africa,3.23238831615113,FP.CPI.TOTL.ZG,ZAF
2020,South Africa,29.217,SL.UEM.TOTL.ZS,ZAF
2020,South Africa,75.7255090793216,GC.DOD.TOTL.GD.ZS,ZAF
2020,South Africa,2.00352275153333,BN.CAB.XOKA.GD.ZS,ZAF
2021,South Africa,4.95503259440756,NY.GDP.MKTP.KD.ZG,ZAF
2021,South Africa,4.61874544887136,FP.CPI.TOTL.ZG,ZAF
2021,South Africa,34.007,SL.UEM.TOTL.ZS,ZAF
2021,South Africa,73.8065091009354,GC.DOD.TOTL.GD.ZS,ZAF
2021,South Africa,3.73044877034516,BN.CAB.XOKA.GD.ZS,ZAF
2022,South Africa,1.91147996033504,NY.GDP.MKTP.KD.ZG,ZAF
2022,South Africa,7.03987272546482,FP.CPI.TOTL.ZG,ZAF
2022,South Africa,33.268,SL.UEM.TOTL.ZS,ZAF
2022,South Africa,76.2372383337531,GC.DOD.TOTL.GD.ZS,ZAF
2022,South Africa,-0.461509368787066,BN.CAB.XOKA.GD.ZS,ZAF
2023,South Africa,0.698485193724835,NY.GDP.MKTP.KD.ZG,ZAF
2023,South Africa,6.0752438457966,FP.CPI.TOTL.ZG,ZAF
2023,South Africa,32.098,SL.UEM.TOTL.ZS,ZAF
2023,South Africa,,GC.DOD.TOTL.GD.ZS,ZAF
2023,South Africa,-1.6136668878108,BN.CAB.XOKA.GD.ZS,ZAF
2024,South Africa,0.579853692303914,NY.GDP.MKTP.KD.ZG,ZAF
2024,South Africa,4.36115246518962,FP.CPI.TOTL.ZG,ZAF
2024,South Africa,33.168,SL.UEM.TOTL.ZS,ZAF
2024,South Africa,,GC.DOD.TOTL.GD.ZS,ZAF
2024,South Africa,-0.595522236204416,BN.CAB.XOKA.GD.ZS,ZAF
